image,gt_count,loss_type,loss_full,loss_detach,forward_max_abs_diff,full_grad_norm,detach_grad_norm,indirect_grad_norm,indirect_over_full,cos_full_detach,indirect_object_abs_mean,indirect_bg_abs_mean,indirect_object_bg_ratio,gate_mean,gate_std,p2_rms,low_conf_fn,median_positive_conf
GF1_WFV1_E110.0_N17.9_20200703_L2A0004902374_10752_4608.png,0,classification,0.09488058090209961,0.09488058090209961,0.0,0.042523231357336044,0.04252314195036888,0.0017692713299766183,0.04160717032788211,0.9991343021392822,nan,1.778983346412133e-06,nan,0.4458377957344055,0.0813177153468132,0.6787339448928833,0,nan
GF1_WFV1_E110.0_N17.9_20200703_L2A0004902374_10752_7168.png,0,classification,0.03449273109436035,0.03449273109436035,0.0,0.015575358644127846,0.015577700920403004,0.0007078191847540438,0.0454448081053275,0.9989675879478455,nan,7.199637366284151e-07,nan,0.4485115706920624,0.09923002868890762,0.8569326400756836,0,nan
GF1_WFV1_E110.0_N17.9_20200703_L2A0004902374_11776_4096.png,0,classification,0.0256192684173584,0.0256192684173584,0.0,0.005013725254684687,0.005016481038182974,0.00037987958057783544,0.075767929290279,0.9971314072608948,nan,3.66784490779537e-07,nan,0.44575557112693787,0.08332084864377975,0.6359037160873413,0,nan
GF1_WFV1_E110.0_N17.9_20200703_L2A0004902374_11776_7680.png,0,classification,0.06348872184753418,0.06348872184753418,0.0,0.034716542810201645,0.034716006368398666,0.0015743569238111377,0.04534889699179678,0.9989718198776245,nan,1.5194571005849866e-06,nan,0.455281138420105,0.08197738975286484,0.6184037923812866,0,nan
GF1_WFV1_E110.0_N17.9_20200703_L2A0004902374_1536_4608.png,1,classification,1.353214144706726,1.353214144706726,0.0,0.049709636718034744,0.04970601201057434,0.0016881306655704975,0.033959827048143376,0.9994233846664429,1.7529758906675852e-06,1.7529766864754492e-06,0.9999995460248444,0.4555456042289734,0.10430240631103516,0.5353147983551025,0,0.5712803602218628
GF1_WFV1_E110.0_N17.9_20200703_L2A0004902374_3072_12288.png,1,classification,0.9094579815864563,0.9094579815864563,0.0,0.02606557123363018,0.026065131649374962,0.00026476779021322727,0.010157758977927943,0.9999484419822693,3.0009493912075413e-07,3.000950812293013e-07,0.999999526454927,0.458577036857605,0.08048007637262344,0.6198711395263672,0,0.540589451789856
GF1_WFV1_E110.0_N17.9_20200703_L2A0004902374_7168_7680.png,1,classification,1.142914891242981,1.142914891242981,0.0,0.04516926407814026,0.045166853815317154,0.0007373804110102355,0.01632482676128195,0.9998667240142822,8.369951842723822e-07,8.369959232368274e-07,0.9999991171230054,0.4414404034614563,0.09229164570569992,0.7517619132995605,0,0.5498398542404175
GF1_WFV1_E110.0_N17.9_20200703_L2A0004902374_8192_4096.png,1,classification,0.8545875549316406,0.8545875549316406,0.0,0.02837764099240303,0.02838248945772648,0.0008151234942488372,0.02872414569156942,0.9995875358581543,8.446174319942656e-07,8.446176025245222e-07,0.9999997980976763,0.45044657588005066,0.0814213752746582,0.6933800578117371,0,0.5519322752952576
GF1_WFV1_E110.0_N17.9_20200703_L2A0004902374_8192_8704.png,2,classification,3.455953598022461,3.455953598022461,0.0,0.23006924986839294,0.22999384999275208,0.010059317573904991,0.043722998965134395,0.9990439414978027,1.0334542821510695e-05,1.0334550097468309e-05,0.9999992959579715,0.4540984630584717,0.1015876829624176,0.5478490591049194,0,nan
GF1_WFV1_E110.0_N17.9_20200703_L2A0004902374_8704_7680.png,2,classification,1.052139163017273,1.052139163017273,0.0,0.03535471484065056,0.03534858301281929,0.0012429754715412855,0.03515727611277811,0.9993818998336792,1.3104919389661518e-06,1.3104919389661518e-06,1.0,0.4518178105354309,0.08598246425390244,0.6182712912559509,0,0.5438525676727295
GF1_WFV1_E110.3_N19.6_20200703_L2A0004902371_12288_13824.png,2,classification,0.8473839163780212,0.8473839163780212,0.0,0.02344169095158577,0.023434152826666832,0.00051674316637218,0.022043766699228824,0.9997571110725403,5.953211825726612e-07,5.953215236331744e-07,0.9999994270986355,0.46497493982315063,0.09902173280715942,0.5416830778121948,0,0.5351862609386444
GF1_WFV1_E110.3_N19.6_20200703_L2A0004902371_12288_2048.png,2,classification,1.1787028312683105,1.1787028312683105,0.0,0.06438031047582626,0.06437888741493225,0.0017664993647485971,0.027438503351298504,0.9996235370635986,1.97478880181734e-06,1.97478630070691e-06,1.0000012665220683,0.4419997036457062,0.08463869243860245,0.6541265249252319,1,0.3375798463821411
GF1_WFV1_E110.3_N19.6_20200703_L2A0004902371_13360_2560.png,1,classification,1.2931333780288696,1.2931333780288696,0.0,0.15603451430797577,0.15597853064537048,0.006260582711547613,0.040123063408847366,0.999194860458374,7.00789178154082e-06,7.007893145782873e-06,0.9999998053277891,0.44732651114463806,0.07997768372297287,0.6391900181770325,1,nan
GF1_WFV1_E110.3_N19.6_20200703_L2A0004902371_6144_2560.png,0,classification,0.1686418056488037,0.1686418056488037,0.0,0.08393167704343796,0.08393371105194092,0.002838473068550229,0.0338188532451366,0.9994281530380249,nan,3.1264939934771974e-06,nan,0.4379051923751831,0.10760044306516647,0.8593450784683228,0,nan
GF1_WFV1_E120.0_N36.3_20200423_L2A0004760887_10240_9216.png,9,classification,1.3462387323379517,1.3462387323379517,0.0,0.05391509085893631,0.053899046033620834,0.002758939517661929,0.05117193486477527,0.9986903071403503,2.8403480882843724e-06,2.8403487704053987e-06,0.9999997598460325,0.4401853680610657,0.08631385862827301,0.7379864454269409,5,0.5216432809829712
GF1_WFV1_E120.0_N36.3_20200423_L2A0004760887_10752_13312.png,2,classification,0.9855994582176208,0.9855994582176208,0.0,0.04057745262980461,0.04057120159268379,0.0005772606818936765,0.014226143941566008,0.9998987913131714,6.835214776401699e-07,6.835210797362379e-07,1.000000582138494,0.4559715986251831,0.10930874943733215,0.5055806040763855,1,0.4870305359363556
GF1_WFV1_E120.0_N36.3_20200423_L2A0004760887_11776_12288.png,0,classification,0.024288177490234375,0.024288177490234375,0.0,0.00448137940838933,0.004488363862037659,0.00031061447225511074,0.06931224606281437,0.9976028203964233,nan,3.075059282764414e-07,nan,0.4499751925468445,0.13238951563835144,0.5729575753211975,0,nan
GF1_WFV1_E120.0_N36.3_20200423_L2A0004760887_11776_9216.png,0,classification,0.38571858406066895,0.38571858406066895,0.0,0.13875339925289154,0.13874942064285278,0.007951190695166588,0.05730447497487806,0.9983581304550171,nan,8.069075192906894e-06,nan,0.4483068585395813,0.10209471732378006,0.5866076946258545,0,nan
GF1_WFV1_E120.0_N36.3_20200423_L2A0004760887_12288_10752.png,0,classification,0.045815229415893555,0.045815229415893555,0.0,0.017357490956783295,0.017366137355566025,0.0007118718349374831,0.04101236962818547,0.9991593360900879,nan,6.923410182935186e-07,nan,0.4509817957878113,0.1285916268825531,0.5539482235908508,0,nan
GF1_WFV1_E120.0_N36.3_20200423_L2A0004760887_12288_12288.png,0,classification,2.3044729232788086,2.3044729232788086,0.0,0.21914935111999512,0.21906571090221405,0.0067110261879861355,0.030623071223749673,0.9995310306549072,nan,7.2883995017036796e-06,nan,0.4500923752784729,0.12269669771194458,0.566713273525238,0,nan
GF1_WFV1_E120.0_N36.3_20200423_L2A0004760887_12288_8192.png,0,classification,0.010009765625,0.010009765625,0.0,0.0032366502564400434,0.0032341494224965572,0.00013922661310061812,0.043015649535687546,0.9990743398666382,nan,1.545448213846612e-07,nan,0.4326896667480469,0.12474175542593002,0.9183772206306458,0,nan
GF1_WFV1_E120.0_N36.3_20200423_L2A0004760887_12800_10752.png,0,classification,0.06260919570922852,0.06260919570922852,0.0,0.017179328948259354,0.017196035012602806,0.0012016325490549207,0.06994641948320529,0.9975565671920776,nan,1.2033406164846383e-06,nan,0.44672366976737976,0.11978352069854736,0.5927332043647766,0,nan
GF1_WFV1_E120.0_N36.3_20200423_L2A0004760887_13312_8192.png,5,classification,1.1383785009384155,1.1383785009384155,0.0,0.03243599832057953,0.03241501376032829,0.00115966668818146,0.03575245863315054,0.9993605613708496,1.2845125638705213e-06,1.2845123364968458e-06,1.0000001770116713,0.44567835330963135,0.09728214889764786,0.5916926860809326,1,0.36953820288181305
GF1_WFV1_E120.0_N36.3_20200423_L2A0004760887_13824_14184.png,1,classification,0.7057469487190247,0.7057469487190247,0.0,0.019909866154193878,0.019913461059331894,0.0004789475351572037,0.024055788795763283,0.9997106790542603,4.821913535124622e-07,4.82189818740153e-07,1.0000031829214338,0.4467484951019287,0.12264532595872879,0.5949633121490479,0,0.6676478981971741
GF1_WFV1_E120.0_N36.3_20200423_L2A0004760887_13824_8704.png,2,classification,1.1181639432907104,1.1181639432907104,0.0,0.03780743479728699,0.037799086421728134,0.0008523727301508188,0.022545108778762847,0.9997458457946777,1.0327510153729236e-06,1.0327518111807876e-06,0.9999992294297086,0.44744637608528137,0.11766498535871506,0.5748004913330078,0,0.4200471341609955
GF1_WFV1_E120.0_N36.3_20200423_L2A0004760887_13824_9216.png,1,classification,1.2498769760131836,1.2498769760131836,0.0,0.06453005969524384,0.06451201438903809,0.0014260575408115983,0.022099120123961473,0.999755859375,1.700141183391679e-06,1.7001384549075738e-06,1.0000016048599438,0.45504164695739746,0.09975099563598633,0.5099393129348755,0,0.0029738941229879856
GF1_WFV1_E120.0_N36.3_20200423_L2A0004760887_14848_11776.png,3,classification,0.8529048562049866,0.8529048562049866,0.0,0.02151966467499733,0.021527372300624847,0.0006664146785624325,0.03096770737960001,0.9995207190513611,6.361754003592068e-07,6.361757982631389e-07,0.9999993745377722,0.4474349021911621,0.10479164123535156,0.5953176021575928,0,0.5222988128662109
GF1_WFV1_E120.0_N36.3_20200423_L2A0004760887_14848_9216.png,2,classification,1.3938122987747192,1.3938122987747192,0.0,0.05821404978632927,0.0581684373319149,0.004600098356604576,0.07902041471928041,0.9968758225440979,4.68073221782106e-06,4.680733582063112e-06,0.9999997085409736,0.4542306065559387,0.08502163738012314,0.51950603723526,0,0.5549148619174957
GF1_WFV1_E120.0_N36.3_20200423_L2A0004760887_14973_11264.png,2,classification,0.9603075385093689,0.9603075385093689,0.0,0.036283500492572784,0.03627733513712883,0.0008928246679715812,0.02460690550390368,0.999697208404541,1.08533322418225e-06,1.0853341336769518e-06,0.9999991620140991,0.4460200369358063,0.11343967914581299,0.639041543006897,0,0.5680713653564453
GF1_WFV1_E120.0_N36.3_20200423_L2A0004760887_14973_6144.png,2,classification,1.1293416023254395,1.1293416023254395,0.0,0.028810862451791763,0.028808757662773132,0.0006654655444435775,0.02309773077973901,0.9997332096099854,7.678218025830574e-07,7.678221436435706e-07,0.9999995558079224,0.4501347243785858,0.10999035090208054,0.549782931804657,0,0.46353527903556824
GF1_WFV1_E120.0_N36.3_20200423_L2A0004760887_14973_6656.png,1,classification,1.856758952140808,1.856758952140808,0.0,0.22724254429340363,0.2272731214761734,0.005871043540537357,0.02583602273418033,0.9996663331985474,5.891613454878097e-06,5.89159935771022e-06,1.0000023927573858,0.4514462351799011,0.11645912379026413,0.5364274382591248,1,nan
GF1_WFV1_E120.0_N36.3_20200423_L2A0004760887_15360_11776.png,0,classification,0.12760818004608154,0.12760818004608154,0.0,0.07629960775375366,0.07632078230381012,0.0027124176267534494,0.03554956187333753,0.9993684887886047,nan,2.72134593615192e-06,nan,0.46276620030403137,0.14524875581264496,0.5687520503997803,0,nan
GF1_WFV1_E120.0_N36.3_20200423_L2A0004760887_15485_10240.png,0,classification,0.02092742919921875,0.02092742919921875,0.0,0.005501369014382362,0.0055083222687244415,0.0002849466691259295,0.05179559276627081,0.9986610412597656,nan,2.8132907914368843e-07,nan,0.45961084961891174,0.11397367715835571,0.5598771572113037,0,nan
GF1_WFV1_E120.0_N36.3_20200423_L2A0004760887_15485_5120.png,1,classification,1.4597442150115967,1.4597442150115967,0.0,0.08489842712879181,0.08488593995571136,0.002477472648024559,0.029181608326691456,0.9995741844177246,2.498069534340175e-06,2.4980602120194817e-06,1.0000037318238562,0.45365527272224426,0.09196866303682327,0.5355133414268494,0,0.3893651068210602
GF1_WFV1_E120.0_N36.3_20200423_L2A0004760887_15485_5632.png,1,classification,1.396126389503479,1.396126389503479,0.0,0.0812133252620697,0.0812142863869667,0.004144842270761728,0.0510364802498434,0.9986977577209473,4.260708919900935e-06,4.260707100911532e-06,1.0000004269219547,0.45251402258872986,0.09768515825271606,0.5286391377449036,0,0.0611785426735878
GF1_WFV1_E120.0_N36.3_20200423_L2A0004760887_15485_8704.png,1,classification,0.924324631690979,0.924324631690979,0.0,0.033062297850847244,0.03306027129292488,0.0003176321624778211,0.009607080666647663,0.9999538660049438,3.646889581432333e-07,3.646880202268221e-07,1.000002571832249,0.4533248245716095,0.0843551903963089,0.5478617548942566,0,0.45506685972213745
GF1_WFV1_E120.0_N36.3_20200423_L2A0004760887_15872_5120.png,0,classification,0.3196777105331421,0.3196777105331421,0.0,0.12149325758218765,0.12152384221553802,0.00784977525472641,0.06461078919886727,0.9979133605957031,nan,7.961004484968726e-06,nan,0.45620644092559814,0.08326743543148041,0.5347615480422974,0,nan
GF1_WFV1_E120.0_N36.3_20200423_L2A0004760887_15872_6656.png,2,classification,0.9430776834487915,0.9430776834487915,0.0,0.02375192567706108,0.023743588477373123,0.000664080202113837,0.027959004719991454,0.999609112739563,7.779311204103578e-07,7.779318025313842e-07,0.9999991231608939,0.4511120319366455,0.09802720695734024,0.5828977823257446,0,0.447933629155159
GF1_WFV1_E120.0_N36.3_20200423_L2A0004760887_5632_512.png,0,classification,0.125624418258667,0.125624418258667,0.0,0.06768798828125,0.06769648939371109,0.002445243066176772,0.03612521406333655,0.9993475079536438,nan,2.5616805032768752e-06,nan,0.46246668696403503,0.0873483195900917,0.5002228021621704,0,nan
GF1_WFV1_E120.0_N36.3_20200423_L2A0004760887_6144_13824.png,0,classification,0.0038604736328125,0.0038604736328125,0.0,0.0008115513483062387,0.0008106973837129772,2.7229443730902858e-05,0.033552336260339544,0.999437153339386,nan,2.9875440787918706e-08,nan,0.47238689661026,0.16659799218177795,0.4995732009410858,0,nan
GF1_WFV1_E120.0_N36.3_20200423_L2A0004760887_7168_12288.png,0,classification,0.0769350528717041,0.0769350528717041,0.0,0.04385384917259216,0.043850481510162354,0.0015653340378776193,0.03569433624211769,0.9993629455566406,nan,1.6453523130621761e-06,nan,0.4287254810333252,0.11100161075592041,0.8651963472366333,0,nan
GF1_WFV1_E120.0_N36.3_20200423_L2A0004760887_9728_11264.png,1,classification,2.2232043743133545,2.2232043743133545,0.0,0.12592579424381256,0.1259128302335739,0.004681006073951721,0.03717273416507933,0.9993091225624084,4.790283128386363e-06,4.79028130939696e-06,1.0000003797249652,0.4469965100288391,0.0773472860455513,0.6413891315460205,0,0.024415263906121254
GF1_WFV1_E127.5_N16.2_20200630_L2A0004898206_2560_10752.png,1,classification,1.1053272485733032,1.1053272485733032,0.0,0.06999929249286652,0.0699816346168518,0.00138046033680439,0.01972106127994179,0.9998055100440979,1.5975942915247288e-06,1.5975955420799437e-06,0.9999992172266496,0.4536909759044647,0.09094709157943726,0.5982571840286255,0,0.019095158204436302
GF1_WFV1_E127.5_N16.2_20200630_L2A0004898206_6656_8192.png,0,classification,0.013135194778442383,0.013135194778442383,0.0,0.0021466282196342945,0.002148008905351162,0.000186242614290677,0.08676053570301327,0.9962388277053833,nan,1.8479335039955913e-07,nan,0.45407429337501526,0.08734261989593506,0.6827566027641296,0,nan
GF1_WFV1_E127.5_N16.2_20200630_L2A0004898206_7680_8704.png,0,classification,0.010732650756835938,0.010732650756835938,0.0,0.0011738389730453491,0.00117542315274477,0.00011721202463377267,0.09985358070850524,0.9950222373008728,nan,1.1257662180241823e-07,nan,0.4523308277130127,0.08781898021697998,0.7009645104408264,0,nan
GF1_WFV2_E111.6_N17.5_20200703_L2A0004902588_1024_7168.png,1,classification,0.9310048818588257,0.9310048818588257,0.0,0.025619952008128166,0.025616412982344627,0.0008483011042699218,0.03311095602367992,0.9994518160820007,8.922894494389766e-07,8.922891652218823e-07,1.000000318525771,0.45763716101646423,0.0818556547164917,0.7234451770782471,0,0.5412158966064453
GF1_WFV2_E111.6_N17.5_20200703_L2A0004902588_10752_7168.png,0,classification,0.010833740234375,0.010833740234375,0.0,0.0033078938722610474,0.0033088659401983023,0.0001313408720307052,0.03970528593196059,0.9992119669914246,nan,1.3994007019846322e-07,nan,0.4441167712211609,0.10726520419120789,0.6171557307243347,0,nan
GF1_WFV2_E111.6_N17.5_20200703_L2A0004902588_11264_11264.png,0,classification,0.021006107330322266,0.021006107330322266,0.0,0.006900187581777573,0.00689432118088007,0.0003513377741910517,0.05091713377747664,0.998702883720398,nan,3.9229107073879277e-07,nan,0.4400193989276886,0.09400694817304611,0.7871951460838318,0,nan
GF1_WFV2_E111.6_N17.5_20200703_L2A0004902588_11776_11776.png,2,classification,1.0884383916854858,1.0884383916854858,0.0,0.029314683750271797,0.029302598908543587,0.00110298627987504,0.037625726726961996,0.9992919564247131,1.243148517460213e-06,1.2431491995812394e-06,0.9999994512959293,0.4411025047302246,0.10821511596441269,0.8568411469459534,0,0.5246061086654663
GF1_WFV2_E111.6_N17.5_20200703_L2A0004902588_12389_9216.png,1,classification,1.2580630779266357,1.2580630779266357,0.0,0.04859887808561325,0.048581697046756744,0.0015155075816437602,0.031184003444976575,0.9995136260986328,1.6017812640711782e-06,1.6017833104342571e-06,0.9999987224469966,0.4429774284362793,0.0867042988538742,0.675337016582489,0,0.5483603477478027
GF1_WFV2_E111.6_N17.5_20200703_L2A0004902588_12389_9728.png,0,classification,0.019337892532348633,0.019337892532348633,0.0,0.005011533387005329,0.0050092120654881,0.00030153439729474485,0.060168091082982586,0.9981891512870789,nan,3.342697709740605e-07,nan,0.4462784230709076,0.08368486166000366,0.6804001927375793,0,nan
GF1_WFV2_E111.6_N17.5_20200703_L2A0004902588_7168_5120.png,1,classification,1.0902528762817383,1.0902528762817383,0.0,0.052164360880851746,0.05215122550725937,0.0009164006914943457,0.01756756291115097,0.9998456239700317,1.0424196261737961e-06,1.0424168976896908e-06,1.0000026174595897,0.44916296005249023,0.08788976073265076,0.5981583595275879,0,0.5005476474761963
GF1_WFV2_E111.6_N17.5_20200703_L2A0004902588_7680_5120.png,1,classification,0.9769541025161743,0.9769541025161743,0.0,0.054609961807727814,0.05459880083799362,0.0014169483911246061,0.025946701741221413,0.9996633529663086,1.5887683275650488e-06,1.5887698054939392e-06,0.9999990697652452,0.4496605396270752,0.08533283323049545,0.5894765257835388,0,0.31564202904701233
GF1_WFV2_E111.6_N17.5_20200703_L2A0004902588_9728_4608.png,1,classification,1.3918347358703613,1.3918347358703613,0.0,0.05384896323084831,0.053835801780223846,0.002053596545010805,0.03813623181948964,0.9992727041244507,2.1585303784377174e-06,2.1585290141956648e-06,1.0000006320239587,0.4473750591278076,0.08372879773378372,0.6202394962310791,1,nan
GF1_WFV2_E112.0_N19.2_20200703_L2A0004902375_10752_13824.png,0,classification,0.025540590286254883,0.025540590286254883,0.0,0.0073433504439890385,0.007340703159570694,0.0005077053210698068,0.0691381032326182,0.99760901927948,nan,5.500487532117404e-07,nan,0.4301382899284363,0.09715776890516281,0.7868316173553467,0,nan
GF1_WFV2_E112.0_N19.2_20200703_L2A0004902375_2048_0.png,0,classification,0.0030007362365722656,0.0030007362365722656,0.0,0.0005517614190466702,0.000550147145986557,1.6266170860035345e-05,0.029480442630693406,0.9995684623718262,nan,1.7575102262412656e-08,nan,0.47330859303474426,0.17986246943473816,0.4824293255805969,0,nan
GF1_WFV2_E112.0_N19.2_20200703_L2A0004902375_2560_2560.png,0,classification,0.020480871200561523,0.020480871200561523,0.0,0.003433158854022622,0.003437385195866227,0.0002487892925273627,0.07246658343113282,0.9973782300949097,nan,2.4739728132772143e-07,nan,0.4457448720932007,0.0930718258023262,0.6319265961647034,0,nan
GF1_WFV2_E112.0_N19.2_20200703_L2A0004902375_3072_0.png,1,classification,0.9076888561248779,0.9076888561248779,0.0,0.02528441697359085,0.02528243698179722,0.0006006514886394143,0.02375579746476989,0.9997178912162781,6.604542477361974e-07,6.604545887967106e-07,0.9999994835973298,0.4501104950904846,0.09068406373262405,0.6422122716903687,0,0.6044137477874756
GF1_WFV2_E112.0_N19.2_20200703_L2A0004902375_4608_5632.png,0,classification,0.008972883224487305,0.008972883224487305,0.0,0.0013376235729083419,0.0013380942400544882,0.00010848072270164266,0.08109958952485961,0.9967125058174133,nan,1.1076977557422651e-07,nan,0.4499576687812805,0.08736610412597656,0.7612810134887695,0,nan
GF1_WFV2_E112.0_N19.2_20200703_L2A0004902375_5120_5120.png,0,classification,0.01064300537109375,0.01064300537109375,0.0,0.0015936335548758507,0.0015945534687489271,0.00013985279656480998,0.08775718617176392,0.9961516857147217,nan,1.440724304302421e-07,nan,0.4494253695011139,0.08171007037162781,0.7144170999526978,0,nan
GF1_WFV2_E112.0_N19.2_20200703_L2A0004902375_6144_12800.png,0,classification,0.028111696243286133,0.028111696243286133,0.0,0.008635464124381542,0.008636152371764183,0.0005866606370545924,0.06793620222429075,0.9976924657821655,nan,6.142823281152232e-07,nan,0.4452711045742035,0.10632804781198502,0.809190034866333,0,nan
GF1_WFV2_E112.0_N19.2_20200703_L2A0004902375_6656_14167.png,0,classification,0.011039018630981445,0.011039018630981445,0.0,0.004311122931540012,0.00431243097409606,0.00016712263459339738,0.03876545328149529,0.9992488622665405,nan,1.818346788695635e-07,nan,0.4707573354244232,0.15737220644950867,0.5011819005012512,0,nan
GF1_WFV2_E112.0_N19.2_20200703_L2A0004902375_7168_12288.png,0,classification,0.02603745460510254,0.02603745460510254,0.0,0.016150183975696564,0.016152475029230118,0.00038246274925768375,0.023681634205110533,0.9997197985649109,nan,3.7363830074355064e-07,nan,0.44738149642944336,0.09362294524908066,0.7762516140937805,0,nan
GF1_WFV2_E112.0_N19.2_20200703_L2A0004902375_7680_12800.png,1,classification,1.8335485458374023,1.8335485458374023,0.0,0.12774141132831573,0.12773443758487701,0.001516925636678934,0.011874971639229773,0.9999294877052307,1.7955015891857329e-06,1.7955051134777023e-06,0.9999980371584893,0.45070359110832214,0.08507076650857925,0.5801798701286316,1,nan
GF1_WFV2_E112.0_N19.2_20200703_L2A0004902375_7680_14167.png,0,classification,0.010701894760131836,0.010701894760131836,0.0,0.0019590496085584164,0.00196078815497458,0.00011152160004712641,0.056926378770566485,0.9983816146850586,nan,1.1670141475406126e-07,nan,0.46395307779312134,0.11344149708747864,0.5218701362609863,0,nan
GF1_WFV2_E112.0_N19.2_20200703_L2A0004902375_7680_4608.png,0,classification,0.006756305694580078,0.006756305694580078,0.0,0.0006975424475967884,0.0006974280695430934,4.847376112593338e-05,0.06949220265080333,0.9975850582122803,nan,5.169425421058804e-08,nan,0.4485938549041748,0.08742496371269226,0.60655277967453,0,nan
GF1_WFV2_E112.0_N19.2_20200703_L2A0004902375_9728_4608.png,0,classification,0.009324789047241211,0.009324789047241211,0.0,0.0013849524548277259,0.001384327420964837,0.00011676545545924455,0.08431008230803778,0.9964443445205688,nan,1.2740149202272733e-07,nan,0.44475027918815613,0.0915285125374794,0.7935227155685425,0,nan
GF1_WFV2_E118.9_N24.3_20200710_L2A0004922278_1024_10752.png,1,classification,0.9606266617774963,0.9606266617774963,0.0,0.02490072324872017,0.024899225682020187,0.00042553176172077656,0.01708913261154564,0.9998539090156555,4.61742359902928e-07,4.6174270096344117e-07,0.9999992613624158,0.4421672523021698,0.08621431887149811,0.6726393103599548,0,0.5460429787635803
GF1_WFV2_E118.9_N24.3_20200710_L2A0004922278_10752_13312.png,1,classification,1.2203212976455688,1.2203212976455688,0.0,0.09463614970445633,0.09463129192590714,0.0018711296143010259,0.019771827363480703,0.9998045563697815,2.022942680923734e-06,2.0229522306181025e-06,0.9999952793277943,0.4417344629764557,0.11342260986566544,0.6381675004959106,0,0.27619874477386475
GF1_WFV2_E118.9_N24.3_20200710_L2A0004922278_11264_10240.png,8,classification,3.3076720237731934,3.3076720237731934,0.0,0.1317943036556244,0.1317540407180786,0.002964403945952654,0.022492656083972915,0.999747097492218,3.2531538636249024e-06,3.2531493161513936e-06,1.0000013978680555,0.4388270378112793,0.0964784249663353,0.6524547338485718,0,nan
GF1_WFV2_E118.9_N24.3_20200710_L2A0004922278_11264_4096.png,1,classification,1.5720690488815308,1.5720690488815308,0.0,0.10666202753782272,0.10666324943304062,0.001347922021523118,0.012637318571927018,0.999920129776001,1.5379215483335429e-06,1.537921093586192e-06,1.0000002956896505,0.4367702007293701,0.0891895443201065,0.7479750514030457,0,0.4263586401939392
GF1_WFV2_E118.9_N24.3_20200710_L2A0004922278_11264_5120.png,1,classification,1.392303705215454,1.392303705215454,0.0,0.11812710762023926,0.11810676753520966,0.0036473863292485476,0.030876793673593885,0.9995231628417969,3.7174095268710516e-06,3.717409754244727e-06,0.9999999388354552,0.4331166744232178,0.10157668590545654,0.7989986538887024,1,nan
GF1_WFV2_E118.9_N24.3_20200710_L2A0004922278_11776_4096.png,1,classification,0.8070719242095947,0.8070719242095947,0.0,0.0256145428866148,0.025613732635974884,0.0002477827947586775,0.009673520072386671,0.9999532103538513,2.8988307576582883e-07,2.898851221289078e-07,0.9999929407792164,0.43853622674942017,0.08548431843519211,0.7233270406723022,0,0.5653315782546997
GF1_WFV2_E118.9_N24.3_20200710_L2A0004922278_12800_3072.png,0,classification,0.02081894874572754,0.02081894874572754,0.0,0.00591800082474947,0.00591721897944808,0.0003048283979296684,0.05150867783844435,0.9986732006072998,nan,3.358404967457318e-07,nan,0.4413447082042694,0.09323491901159286,0.7956369519233704,0,nan
GF1_WFV2_E118.9_N24.3_20200710_L2A0004922278_12995_3072.png,0,classification,0.022569894790649414,0.022569894790649414,0.0,0.008751165121793747,0.008750848472118378,0.00031528447289019823,0.036027713853212455,0.999350905418396,nan,3.360472078384191e-07,nan,0.44439172744750977,0.08420602232217789,0.7753942012786865,0,nan
GF1_WFV2_E118.9_N24.3_20200710_L2A0004922278_13507_5120.png,1,classification,0.7877278327941895,0.7877278327941895,0.0,0.029554210603237152,0.029542524367570877,0.0007281860453076661,0.024638994933192562,0.9996964335441589,8.182311148630106e-07,8.182300916814711e-07,1.0000012504814353,0.44926947355270386,0.07872721552848816,0.6629309058189392,0,0.37776413559913635
GF1_WFV2_E118.9_N24.3_20200710_L2A0004922278_2560_10240.png,1,classification,1.3302068710327148,1.3302068710327148,0.0,0.07019510120153427,0.07016561925411224,0.002482936717569828,0.03537193728720713,0.9993740916252136,2.7663782020681538e-06,2.76637888418918e-06,0.9999997534245832,0.4404195547103882,0.08236782252788544,0.7124643325805664,0,0.4643990993499756
GF1_WFV2_E118.9_N24.3_20200710_L2A0004922278_3072_10240.png,0,classification,0.14522814750671387,0.14522814750671387,0.0,0.06779179722070694,0.0677824392914772,0.004070442635565996,0.060043291407572884,0.9981971979141235,nan,4.072791853104718e-06,nan,0.444186806678772,0.08034808933734894,0.6697924137115479,0,nan
GF1_WFV2_E118.9_N24.3_20200710_L2A0004922278_3072_10752.png,1,classification,1.5094321966171265,1.5094321966171265,0.0,0.09307262301445007,0.09305645525455475,0.0016621696995571256,0.01785884662667199,0.9998406171798706,1.9123069705528906e-06,1.912315838126233e-06,0.9999953629138213,0.43175700306892395,0.10267110168933868,0.7656204700469971,1,nan
GF1_WFV2_E118.9_N24.3_20200710_L2A0004922278_3072_7680.png,2,classification,1.5570420026779175,1.5570420026779175,0.0,0.10542808473110199,0.10540565848350525,0.005936802830547094,0.05631139791346032,0.998414158821106,6.225036941032158e-06,6.225036486284807e-06,1.0000000730513552,0.42769497632980347,0.09653060883283615,0.8095428943634033,1,0.4304676353931427
GF1_WFV2_E118.9_N24.3_20200710_L2A0004922278_3072_8192.png,2,classification,0.8800194263458252,0.8800194263458252,0.0,0.021933477371931076,0.021931402385234833,0.00042477663373574615,0.019366588641313458,0.9998124837875366,4.468055578854546e-07,4.468068652840884e-07,0.9999970739065682,0.4278242588043213,0.09712132066488266,0.8152961134910583,0,0.4981462210416794
GF1_WFV2_E118.9_N24.3_20200710_L2A0004922278_3584_11264.png,1,classification,1.0627391338348389,1.0627391338348389,0.0,0.037807513028383255,0.037807222455739975,0.0010903308866545558,0.028839000487443093,0.9995841979980469,1.2077197197868372e-06,1.2077207429683767e-06,0.9999991527995644,0.44018450379371643,0.11246438324451447,0.9014163613319397,0,0.5327669978141785
GF1_WFV2_E118.9_N24.3_20200710_L2A0004922278_512_11776.png,3,classification,0.9942310452461243,0.9942310452461243,0.0,0.019612841308116913,0.019610198214650154,0.0007717206026427448,0.0393477207365851,0.9992257356643677,8.248478593486652e-07,8.248480867223407e-07,0.9999997243447865,0.44850265979766846,0.0939546599984169,0.6287702322006226,1,0.5779833793640137
GF1_WFV2_E118.9_N24.3_20200710_L2A0004922278_512_12288.png,2,classification,1.1261380910873413,1.1261380910873413,0.0,0.06404824554920197,0.06403816491365433,0.002255575265735388,0.03521681579868806,0.9993796944618225,2.3116108422982506e-06,2.3116117517929524e-06,0.9999996065538683,0.450101375579834,0.10219467431306839,0.6028450727462769,1,0.33143916726112366
GF1_WFV2_E118.9_N24.3_20200710_L2A0004922278_6656_12288.png,4,classification,1.146681308746338,1.146681308746338,0.0,0.041873179376125336,0.04187498986721039,0.0011985937599092722,0.028624379083874142,0.999590277671814,1.2048388953189715e-06,1.2048387816321338e-06,1.0000000943585479,0.43460866808891296,0.08952854573726654,0.7354335784912109,1,0.46849754452705383
GF1_WFV2_E118.9_N24.3_20200710_L2A0004922278_7168_13312.png,2,classification,0.9674303531646729,0.9674303531646729,0.0,0.024148255586624146,0.024141846224665642,0.0005615722620859742,0.023255189596263517,0.999729573726654,6.445950475608697e-07,6.445937970056548e-07,1.0000019400670945,0.4485166072845459,0.10918685793876648,0.5643877387046814,0,0.3548676669597626
GF1_WFV2_E118.9_N24.3_20200710_L2A0004922278_9216_13312.png,1,classification,0.9654123187065125,0.9654123187065125,0.0,0.027868712320923805,0.027868010103702545,0.00024876021780073643,0.008926146817840862,0.99996018409729,2.8795824391636415e-07,2.8795832918149245e-07,0.9999997038976837,0.4385317265987396,0.10661674290895462,0.6664753556251526,0,0.43412134051322937
GF1_WFV2_E123.6_N29.3_20190910_L2A0004239231_0_11776.png,0,classification,2.327906608581543,2.327906608581543,0.0,0.3663528263568878,0.3661467730998993,0.02737007662653923,0.0747096095824201,0.997207760810852,nan,3.0165370844770223e-05,nan,0.46380215883255005,0.09491496533155441,0.48149192333221436,0,nan
GF1_WFV2_E123.6_N29.3_20190910_L2A0004239231_1024_10752.png,3,classification,0.7767409682273865,0.7767409682273865,0.0,0.01404005941003561,0.014041993767023087,0.0003662123635876924,0.026083391308581616,0.9996598362922668,4.0586155591881834e-07,4.0586155591881834e-07,1.0,0.4584329128265381,0.07954346388578415,0.517657458782196,0,0.5745474696159363
GF1_WFV2_E123.6_N29.3_20190910_L2A0004239231_1024_11264.png,1,classification,0.9755577445030212,0.9755577445030212,0.0,0.03799700736999512,0.03799782320857048,0.0014160049613565207,0.03726622329932987,0.9993056058883667,1.487033500779944e-06,1.4870330460325931e-06,1.0000003058085039,0.46165263652801514,0.09553903341293335,0.48428991436958313,0,0.5660494565963745
GF1_WFV2_E123.6_N29.3_20190910_L2A0004239231_1024_12288.png,1,classification,1.7513355016708374,1.7513355016708374,0.0,0.09206278622150421,0.09196338802576065,0.009338141418993473,0.10143231377470793,0.9948506355285645,9.710387530503795e-06,9.710388439998496e-06,0.9999999063379691,0.4587274193763733,0.07372280955314636,0.5285659432411194,0,0.5843915939331055
GF1_WFV2_E123.6_N29.3_20190910_L2A0004239231_1024_7168.png,3,classification,1.4078437089920044,1.4078437089920044,0.0,0.0507146380841732,0.050677038729190826,0.003790381597355008,0.07473939952137593,0.9972051382064819,4.1141811379930004e-06,4.1141811379930004e-06,1.0,0.4591515064239502,0.07887287437915802,0.5091560482978821,0,0.5248318463563919
GF1_WFV2_E123.6_N29.3_20190910_L2A0004239231_1536_5632.png,1,classification,0.9329731464385986,0.9329731464385986,0.0,0.04320766404271126,0.04321276769042015,0.00221237656660378,0.05120333662141098,0.9986892342567444,2.3570016765006585e-06,2.3570012217533076e-06,1.0000001929347115,0.4596759080886841,0.08561208099126816,0.471976637840271,0,0.5766914486885071
GF1_WFV2_E123.6_N29.3_20190910_L2A0004239231_1536_7168.png,1,classification,0.9193677306175232,0.9193677306175232,0.0,0.04460471495985985,0.044622763991355896,0.0032320988830178976,0.07246092449927076,0.9973759055137634,3.2867264962987974e-06,3.286726268925122e-06,1.000000069179377,0.4590362012386322,0.07595384865999222,0.47892504930496216,0,0.5814729332923889
GF1_WFV2_E123.6_N29.3_20190910_L2A0004239231_1536_9728.png,1,classification,1.0524541139602661,1.0524541139602661,0.0,0.04628657549619675,0.04628193750977516,0.00048129999777302146,0.010398263267771208,0.999945878982544,5.812325412080099e-07,5.812336780763872e-07,0.9999980440424908,0.46083781123161316,0.09230179339647293,0.48071274161338806,0,0.4918668568134308
GF1_WFV2_E123.6_N29.3_20190910_L2A0004239231_2048_1536.png,3,classification,1.1127218008041382,1.1127218008041382,0.0,0.027091309428215027,0.027088098227977753,0.0010080485371872783,0.03720929547013394,0.9993077516555786,1.0359608495491557e-06,1.0359605084886425e-06,1.0000003292215391,0.4625847041606903,0.09573163837194443,0.503195583820343,0,0.5855057835578918
GF1_WFV2_E123.6_N29.3_20190910_L2A0004239231_2048_2560.png,3,classification,1.2608554363250732,1.2608554363250732,0.0,0.034528739750385284,0.034519635140895844,0.0017600100254639983,0.050972321555534314,0.9987006187438965,1.907308160298271e-06,1.907308160298271e-06,1.0,0.45942333340644836,0.07583242654800415,0.4817628264427185,2,0.47182613611221313
GF1_WFV2_E123.6_N29.3_20190910_L2A0004239231_2048_4096.png,4,classification,0.8155972361564636,0.8155972361564636,0.0,0.019242066890001297,0.01924271695315838,0.00027021148707717657,0.014042747518853385,0.9999013543128967,2.8816867825298687e-07,2.881685077227303e-07,1.0000005917727024,0.46042388677597046,0.0797337219119072,0.4802928864955902,0,0.5776557326316833
GF1_WFV2_E123.6_N29.3_20190910_L2A0004239231_2048_512.png,0,classification,0.019336938858032227,0.019336938858032227,0.0,0.009652003645896912,0.009654639288783073,0.00026135004009120166,0.027077283606528904,0.9996334314346313,nan,2.704761072891415e-07,nan,0.46793049573898315,0.14047086238861084,0.4872492551803589,0,nan
GF1_WFV2_E123.6_N29.3_20190910_L2A0004239231_2048_9216.png,1,classification,1.3939677476882935,1.3939677476882935,0.0,0.08827722817659378,0.08828599005937576,0.0014292444102466106,0.016190408781157982,0.9998689293861389,1.5608483181495103e-06,1.5608438843628392e-06,1.0000028406342976,0.46267634630203247,0.09239602088928223,0.5506917834281921,0,0.011661970056593418
GF1_WFV2_E123.6_N29.3_20190910_L2A0004239231_2560_0.png,4,classification,1.0053209066390991,1.0053209066390991,0.0,0.023338081315159798,0.02334081567823887,0.0009815999073907733,0.04206000888141358,0.9991156458854675,9.884519158731564e-07,9.8845123375213e-07,1.0000006900907228,0.45938146114349365,0.06328848749399185,0.5107183456420898,0,0.5177741199731827
GF1_WFV2_E123.6_N29.3_20190910_L2A0004239231_2560_5120.png,0,classification,0.024587392807006836,0.024587392807006836,0.0,0.0028577460907399654,0.002870710100978613,0.00029890076257288456,0.10459318395760248,0.9945651292800903,nan,3.016033929270634e-07,nan,0.4605426490306854,0.0900176465511322,0.46457797288894653,0,nan
GF1_WFV2_E123.6_N29.3_20190910_L2A0004239231_2560_7168.png,2,classification,1.373701572418213,1.373701572418213,0.0,0.05101371929049492,0.050981733947992325,0.0017553664511069655,0.03440969361812504,0.9994078278541565,1.9392900867387652e-06,1.939288949870388e-06,1.0000005862294927,0.4615998864173889,0.08190388232469559,0.4739207625389099,1,0.6345222592353821
GF1_WFV2_E123.6_N29.3_20190910_L2A0004239231_2560_7680.png,1,classification,0.8191328644752502,0.8191328644752502,0.0,0.03406784310936928,0.03407202661037445,0.0015902380691841245,0.046678566179811365,0.998910665512085,1.6400938420702005e-06,1.6400938420702005e-06,1.0,0.4622665047645569,0.09681010991334915,0.4708128273487091,0,0.5500669479370117
GF1_WFV2_E123.6_N29.3_20190910_L2A0004239231_3584_1536.png,0,classification,0.9879990816116333,0.9879990816116333,0.0,0.25271138548851013,0.2526831030845642,0.016313649713993073,0.06455447063636471,0.9979162216186523,nan,1.7606897017685696e-05,nan,0.45572519302368164,0.08306998014450073,0.5049309730529785,0,nan
GF1_WFV2_E123.6_N29.3_20190910_L2A0004239231_3584_512.png,2,classification,0.9771323204040527,0.9771323204040527,0.0,0.025889817625284195,0.025890450924634933,0.00014817829651292413,0.0057234198655849965,0.9999836683273315,1.519282335493699e-07,1.5192938462860184e-07,0.9999924235905072,0.456024169921875,0.08669183403253555,0.500218391418457,0,0.447736456990242
GF1_WFV2_E123.6_N29.3_20190910_L2A0004239231_3584_6144.png,2,classification,0.8016758561134338,0.8016758561134338,0.0,0.02384847030043602,0.023844992741942406,0.0016147971618920565,0.0677107228073464,0.9977073669433594,1.7625608279558946e-06,1.7625609416427324e-06,0.9999999354990599,0.46041402220726013,0.08234229683876038,0.49151208996772766,0,0.6431770324707031
GF1_WFV2_E123.6_N29.3_20190910_L2A0004239231_4608_1024.png,1,classification,0.8907319903373718,0.8907319903373718,0.0,0.0372072234749794,0.03720518574118614,0.00035369754186831415,0.009506152537992085,0.9999548196792603,3.9180568478514033e-07,3.9180494582069514e-07,1.0000018860518558,0.45040854811668396,0.08138119429349899,0.7005621194839478,0,0.4293503761291504
GF1_WFV2_E123.6_N29.3_20190910_L2A0004239231_4608_10240.png,2,classification,0.9423171877861023,0.9423171877861023,0.0,0.02313939668238163,0.02313864976167679,0.00017002769163809717,0.007347974278324918,0.9999730587005615,1.863180756345173e-07,1.863168535010118e-07,1.000006559436157,0.4622943699359894,0.095955029129982,0.46945127844810486,0,0.33738150587305427
GF1_WFV2_E123.6_N29.3_20190910_L2A0004239231_4608_12800.png,0,classification,0.21489739418029785,0.21489739418029785,0.0,0.07995691150426865,0.07995246350765228,0.005488242954015732,0.06864000685822803,0.9976442456245422,nan,5.639809387503192e-06,nan,0.4629209041595459,0.07906357198953629,0.4800506830215454,0,nan
GF1_WFV2_E123.6_N29.3_20190910_L2A0004239231_4608_7680.png,0,classification,2.7938289642333984,2.7938289642333984,0.0,0.4228646755218506,0.4227147102355957,0.042275335639715195,0.09997367500026781,0.9950008392333984,nan,4.302812885725871e-05,nan,0.4598543047904968,0.08478008955717087,0.540729820728302,0,nan
GF1_WFV2_E123.6_N29.3_20190910_L2A0004239231_4608_8192.png,1,classification,1.755544662475586,1.755544662475586,0.0,0.10469060391187668,0.1046116054058075,0.010639039799571037,0.10162363576129956,0.9948327541351318,1.080160745914327e-05,1.0801606549648568e-05,1.0000000841999472,0.46042704582214355,0.07466572523117065,0.516029953956604,0,0.4338350296020508
GF1_WFV2_E123.6_N29.3_20190910_L2A0004239231_5120_10240.png,1,classification,0.9683101773262024,0.9683101773262024,0.0,0.039582591503858566,0.039577145129442215,0.0011120844865217805,0.02809529250790396,0.9996054172515869,1.1195002116437536e-06,1.1195007800779422e-06,0.999999492243151,0.46279704570770264,0.09054988622665405,0.4745098948478699,0,0.6830081343650818
GF1_WFV2_E123.6_N29.3_20190910_L2A0004239231_5120_7680.png,1,classification,1.1099767684936523,1.1099767684936523,0.0,0.052018482238054276,0.05199676379561424,0.0031667454168200493,0.06087731284292273,0.9981461763381958,3.3380542845407035e-06,3.338054057167028e-06,1.000000068115636,0.4620875418186188,0.08025772869586945,0.5282413959503174,0,0.5352352857589722
GF1_WFV2_E123.6_N29.3_20190910_L2A0004239231_5120_8192.png,2,classification,1.3966530561447144,1.3966530561447144,0.0,0.051632270216941833,0.05162676423788071,0.0014499659882858396,0.028082553453364707,0.999605655670166,1.494661660217389e-06,1.4946623423384153e-06,0.9999995436286798,0.4596845507621765,0.08142688125371933,0.5794350504875183,0,0.5455959588289261
GF1_WFV2_E123.6_N29.3_20190910_L2A0004239231_512_9216.png,1,classification,0.8026607036590576,0.8026607036590576,0.0,0.03871474787592888,0.03871738165616989,0.0003838785632979125,0.00991556407723867,0.9999508261680603,4.0459508454659954e-07,4.0459434558215435e-07,1.0000018264329527,0.4619626998901367,0.097471684217453,0.5013369917869568,0,0.5344449877738953
GF1_WFV2_E123.6_N29.3_20190910_L2A0004239231_5632_1024.png,0,classification,0.0047817230224609375,0.0047817230224609375,0.0,0.0009784933645278215,0.0009782935958355665,6.96181450621225e-05,0.0711483057380948,0.9974684119224548,nan,7.690955783345998e-08,nan,0.42831382155418396,0.11704583466053009,0.8941649198532104,0,nan
GF1_WFV2_E123.6_N29.3_20190910_L2A0004239231_5632_12288.png,1,classification,1.1521071195602417,1.1521071195602417,0.0,0.03957380726933479,0.03957149013876915,0.0007657120004296303,0.019348959659561744,0.99981290102005,8.571745411245502e-07,8.571756779929274e-07,0.9999986737043451,0.46392637491226196,0.0979699119925499,0.4539068937301636,0,0.06473450362682343
GF1_WFV2_E123.6_N29.3_20190910_L2A0004239231_5632_3584.png,3,classification,1.1657328605651855,1.1657328605651855,0.0,0.04472202807664871,0.04471684992313385,0.0006690144073218107,0.014959393303344663,0.9998880624771118,7.469664637937967e-07,7.46966350106959e-07,1.0000001521980713,0.4618651270866394,0.08734962344169617,0.46479150652885437,1,0.5005417019128799
GF1_WFV2_E123.6_N29.3_20190910_L2A0004239231_6656_9728.png,1,classification,1.7394921779632568,1.7394921779632568,0.0,0.10424844175577164,0.10423189401626587,0.004097796510905027,0.03930798812806385,0.9992274045944214,4.171286491327919e-06,4.1712887650646735e-06,0.9999994549078516,0.4587560296058655,0.07768609374761581,0.5907319784164429,0,0.6103581786155701
GF1_WFV2_E123.6_N29.3_20190910_L2A0004239231_7680_13312.png,0,classification,0.41490185260772705,0.41490185260772705,0.0,0.15208874642848969,0.15208813548088074,0.008044523186981678,0.05289361228816569,0.9986011981964111,nan,7.92718037700979e-06,nan,0.4602806568145752,0.0809241533279419,0.6541147232055664,0,nan
GF1_WFV2_E123.6_N29.3_20190910_L2A0004239231_7680_2560.png,0,classification,0.12654399871826172,0.12654399871826172,0.0,0.06800878047943115,0.06800027936697006,0.003141143126413226,0.046187317347401134,0.9989333152770996,nan,3.127532636426622e-06,nan,0.435947060585022,0.11467447131872177,0.9000983834266663,0,nan
GF1_WFV2_E123.6_N29.3_20190910_L2A0004239231_8704_4608.png,0,classification,0.10801815986633301,0.10801815986633301,0.0,0.03322875127196312,0.0331936851143837,0.003048952668905258,0.09175646246682231,0.9957865476608276,nan,3.2362877391278744e-06,nan,0.4482020139694214,0.07362500578165054,0.6339633464813232,0,nan
GF1_WFV3_E112.3_N21.4_20190806_L2A0004164428_10240_5632.png,0,classification,0.11948037147521973,0.11948037147521973,0.0,0.04277612268924713,0.042763158679008484,0.0026172944344580173,0.06118587356483202,0.9981276392936707,nan,2.8152808226877823e-06,nan,0.43854808807373047,0.09804713726043701,0.839462399482727,0,nan
GF1_WFV3_E112.3_N21.4_20190806_L2A0004164428_10240_6144.png,1,classification,1.4992763996124268,1.4992763996124268,0.0,0.12835265696048737,0.12834309041500092,0.0039564622566103935,0.030824934600523057,0.9995248913764954,4.178823473921511e-06,4.178820290690055e-06,1.0000007617536133,0.4339526295661926,0.09456730633974075,0.8405472040176392,1,nan
GF1_WFV3_E112.3_N21.4_20190806_L2A0004164428_1024_11264.png,0,classification,0.013777494430541992,0.013777494430541992,0.0,0.004797804169356823,0.004798933397978544,0.00018983890186063945,0.03956787212640415,0.9992176294326782,nan,1.947023946513582e-07,nan,0.44045817852020264,0.15265941619873047,0.6211608648300171,0,nan
GF1_WFV3_E112.3_N21.4_20190806_L2A0004164428_10752_6144.png,3,classification,1.3884488344192505,1.3884488344192505,0.0,0.049606408923864365,0.04961108788847923,0.0005809935391880572,0.01171206607758612,0.9999313950538635,6.527295113301079e-07,6.527303639813908e-07,0.9999986937159201,0.4356343448162079,0.08183135092258453,0.739322304725647,0,0.4204985201358795
GF1_WFV3_E112.3_N21.4_20190806_L2A0004164428_11264_9216.png,1,classification,1.6732909679412842,1.6732909679412842,0.0,0.10103504359722137,0.10104230791330338,0.00357579137198627,0.03539159527897318,0.9993737936019897,3.607273356465157e-06,3.607270173233701e-06,1.000000882448861,0.4405643343925476,0.10991064459085464,0.627281665802002,1,nan
GF1_WFV3_E112.3_N21.4_20190806_L2A0004164428_11776_9216.png,2,classification,1.8614379167556763,1.8614379167556763,0.0,0.1396891325712204,0.13967405259609222,0.005888274870812893,0.042152705528547545,0.9991114735603333,5.921323918300914e-06,5.921324827795615e-06,0.9999998464035114,0.43898892402648926,0.11288134753704071,0.6382406949996948,2,nan
GF1_WFV3_E112.3_N21.4_20190806_L2A0004164428_12288_10752.png,1,classification,0.9742822647094727,0.9742822647094727,0.0,0.04029351845383644,0.04030192270874977,0.0016113779274746776,0.03999099580546197,0.9992005228996277,1.6319576161549776e-06,1.631958298276004e-06,0.9999995820230044,0.43885481357574463,0.12093058228492737,0.651064932346344,0,0.5032324194908142
GF1_WFV3_E112.3_N21.4_20190806_L2A0004164428_12593_10752.png,1,classification,0.8359180688858032,0.8359180688858032,0.0,0.027461068704724312,0.02746090106666088,0.00015047701890580356,0.0054796490451195,0.9999849796295166,1.6911491229620879e-07,1.6911459965740505e-07,1.0000018486801516,0.45313236117362976,0.12308724224567413,0.6062111854553223,0,0.49667197465896606
GF1_WFV3_E112.3_N21.4_20190806_L2A0004164428_12593_4096.png,0,classification,0.20625793933868408,0.20625793933868408,0.0,0.07669541984796524,0.07670268416404724,0.0033831715118139982,0.04411178031909235,0.9990271925926208,nan,3.5636544453154784e-06,nan,0.4333566427230835,0.09684502333402634,0.8408350348472595,0,nan
GF1_WFV3_E112.3_N21.4_20190806_L2A0004164428_12593_7680.png,3,classification,1.2362087965011597,1.2362087965011597,0.0,0.04111326485872269,0.041112497448921204,0.0011344390222802758,0.02759301714856612,0.99961918592453,1.1860474842251278e-06,1.186046574730426e-06,1.0000007668288253,0.4453730881214142,0.09728070348501205,0.5969205498695374,2,0.3463754653930664
GF1_WFV3_E112.3_N21.4_20190806_L2A0004164428_13105_7680.png,0,classification,2.705805778503418,2.705805778503418,0.0,0.21052557229995728,0.21040810644626617,0.010211598128080368,0.048505262408363684,0.9988232254981995,nan,1.0635445505613461e-05,nan,0.4503798484802246,0.09349483251571655,0.5950109958648682,0,nan
GF1_WFV3_E112.3_N21.4_20190806_L2A0004164428_13824_4096.png,1,classification,4.557840824127197,4.557840824127197,0.0,0.5999869108200073,0.5999339818954468,0.008305716328322887,0.013843162539948401,0.9999041557312012,8.91002855496481e-06,8.910009455576073e-06,1.0000021435879314,0.439302921295166,0.08788192272186279,0.735441267490387,1,nan
GF1_WFV3_E112.3_N21.4_20190806_L2A0004164428_14129_4608.png,0,classification,0.007338523864746094,0.007338523864746094,0.0,0.003940112888813019,0.003939663991332054,8.018426888156682e-05,0.020350754190122403,0.9997928142547607,nan,8.729251987915632e-08,nan,0.47036999464035034,0.15728645026683807,0.5041308999061584,0,nan
GF1_WFV3_E112.3_N21.4_20190806_L2A0004164428_2048_6144.png,0,classification,0.14407813549041748,0.14407813549041748,0.0,0.07755075395107269,0.07753703743219376,0.003250434994697571,0.04191364788984892,0.9991214871406555,nan,3.655925866041798e-06,nan,0.4319074749946594,0.12017134577035904,0.9261904358863831,0,nan
GF1_WFV3_E112.3_N21.4_20190806_L2A0004164428_2560_11264.png,2,classification,1.2163552045822144,1.2163552045822144,0.0,0.04058185964822769,0.04057624191045761,0.0010234554065391421,0.02521952949940378,0.9996819496154785,1.1371491837053327e-06,1.1371499795131967e-06,0.999999300173347,0.44109466671943665,0.13315197825431824,0.6231610774993896,1,0.3288293778896332
GF1_WFV3_E112.3_N21.4_20190806_L2A0004164428_2560_9216.png,0,classification,0.022099733352661133,0.022099733352661133,0.0,0.005290713626891375,0.005293482448905706,0.00038464198587462306,0.07270134295675805,0.9973588585853577,nan,3.980609051268402e-07,nan,0.440426766872406,0.08836335688829422,0.7120524644851685,0,nan
GF1_WFV3_E112.3_N21.4_20190806_L2A0004164428_3584_11264.png,1,classification,1.264940619468689,1.264940619468689,0.0,0.05290459468960762,0.052900590002536774,0.001077965833246708,0.02037565620852322,0.9997923970222473,1.1359231848473428e-06,1.1359270501998253e-06,0.999996597182467,0.4473347067832947,0.09208054840564728,0.6280452609062195,0,0.3927456736564636
GF1_WFV3_E112.3_N21.4_20190806_L2A0004164428_4096_11264.png,0,classification,0.010638952255249023,0.010638952255249023,0.0,0.0015407034661620855,0.0015422904398292303,0.00011185511539224535,0.0726000283953914,0.9973678588867188,nan,1.1593252224884054e-07,nan,0.4441627264022827,0.1293099969625473,0.618805468082428,0,nan
GF1_WFV3_E112.3_N21.4_20190806_L2A0004164428_4096_9728.png,0,classification,0.013712406158447266,0.013712406158447266,0.0,0.0032082844991236925,0.0032103899866342545,0.0002039624232565984,0.06357367101088089,0.9979807138442993,nan,2.0676971246302855e-07,nan,0.4446125030517578,0.11361893266439438,0.6368466019630432,0,nan
GF1_WFV3_E112.3_N21.4_20190806_L2A0004164428_4608_10752.png,1,classification,1.2263151407241821,1.2263151407241821,0.0,0.04038365185260773,0.04037882760167122,0.0015178621979430318,0.03758605594865284,0.9992935657501221,1.5692512533860281e-06,1.5692515944465413e-06,0.9999997826604005,0.4415997862815857,0.11904992908239365,0.6328099966049194,0,0.4609681963920593
GF1_WFV3_E112.3_N21.4_20190806_L2A0004164428_4608_7168.png,1,classification,1.4616838693618774,1.4616838693618774,0.0,0.07819326221942902,0.07814645767211914,0.0035530447494238615,0.0454392699393097,0.9989672303199768,3.9144038055383135e-06,3.914404715033015e-06,0.9999997676544027,0.4342268407344818,0.08610448986291885,0.7145113945007324,0,0.006980463862419128
GF1_WFV3_E112.3_N21.4_20190806_L2A0004164428_5120_7168.png,0,classification,0.13124752044677734,0.13124752044677734,0.0,0.05194399133324623,0.05195231735706329,0.0023600959684699774,0.04543539893437919,0.9989680051803589,nan,2.4055691483226838e-06,nan,0.440101683139801,0.10832669585943222,0.6337675452232361,0,nan
GF1_WFV3_E112.3_N21.4_20190806_L2A0004164428_5120_9216.png,0,classification,0.0634239912033081,0.0634239912033081,0.0,0.02761201187968254,0.02761467732489109,0.0013406180078163743,0.04855198576829627,0.998821496963501,nan,1.3299481906869914e-06,nan,0.4373026490211487,0.13749444484710693,0.6533072590827942,0,nan
GF1_WFV3_E112.3_N21.4_20190806_L2A0004164428_5632_12288.png,1,classification,1.192931056022644,1.192931056022644,0.0,0.05918619781732559,0.059178005903959274,0.001209720503538847,0.020439233269766235,0.999791145324707,1.2686050467891619e-06,1.2686048194154864e-06,1.0000001792312878,0.44038593769073486,0.10745949298143387,0.6646258234977722,0,0.33644992113113403
GF1_WFV3_E112.3_N21.4_20190806_L2A0004164428_6656_9728.png,0,classification,1.13021981716156,1.13021981716156,0.0,0.27733373641967773,0.27724891901016235,0.019688613712787628,0.07099249433899978,0.9974793195724487,nan,2.01547663891688e-05,nan,0.4426265358924866,0.10868038982152939,0.6394768953323364,0,nan
GF1_WFV3_E112.3_N21.4_20190806_L2A0004164428_7168_9216.png,1,classification,3.200348138809204,3.200348138809204,0.0,0.1606467068195343,0.1605631411075592,0.008202251978218555,0.051057703831008,0.998695969581604,8.622972927696537e-06,8.622977475170046e-06,0.9999994726330294,0.4420517683029175,0.09762898087501526,0.6337137818336487,1,nan
GF1_WFV3_E112.3_N21.4_20190806_L2A0004164428_8192_9216.png,1,classification,3.400155544281006,3.400155544281006,0.0,0.32188794016838074,0.32188743352890015,0.002817864529788494,0.008754178638424474,0.9999616742134094,2.839982698787935e-06,2.8399726943462156e-06,1.0000035227246162,0.4436715841293335,0.10923662781715393,0.6295002698898315,1,nan
GF1_WFV3_E112.3_N21.4_20190806_L2A0004164428_9216_6144.png,0,classification,0.5300112962722778,0.5300112962722778,0.0,0.1534285992383957,0.1534220278263092,0.010841840878129005,0.07066375455388907,0.9975032806396484,nan,1.13094829430338e-05,nan,0.44125011563301086,0.08774630725383759,0.775914192199707,0,nan
GF1_WFV3_E112.3_N21.4_20190806_L2A0004164428_9728_11264.png,0,classification,0.017467260360717773,0.017467260360717773,0.0,0.005863873288035393,0.0058652781881392,0.00027018782566301525,0.04607668215039787,0.998938798904419,nan,2.706537998165004e-07,nan,0.4405195713043213,0.10978541523218155,0.6459023952484131,0,nan
GF1_WFV3_E112.5_N22.2_20190806_L2A0004164434_10240_13824.png,0,classification,3.717947483062744,3.717947483062744,0.0,0.4858413636684418,0.48576441407203674,0.049514416605234146,0.10191478187728954,0.9948059320449829,nan,5.140697612660006e-05,nan,0.44582802057266235,0.07880102843046188,0.598307728767395,0,nan
GF1_WFV3_E112.5_N22.2_20190806_L2A0004164434_10752_13312.png,1,classification,1.298599123954773,1.298599123954773,0.0,0.09824272245168686,0.09823795408010483,0.0011257784208282828,0.011459153337102507,0.9999343752861023,1.1770297305702115e-06,1.1770289347623475e-06,1.0000006761158036,0.44772717356681824,0.09385088086128235,0.6093176603317261,0,0.2824152112007141
GF1_WFV3_E112.5_N22.2_20190806_L2A0004164434_5120_12800.png,2,classification,1.3017395734786987,1.3017395734786987,0.0,0.1048956960439682,0.10489362478256226,0.0035864985547959805,0.0341910935344064,0.9994155168533325,3.798850002567633e-06,3.7988490930729313e-06,1.0000002394132221,0.4443056285381317,0.10023943334817886,0.6343016624450684,1,0.43682989478111267
GF1_WFV3_E112.5_N22.2_20190806_L2A0004164434_8192_12800.png,1,classification,3.322521686553955,3.322521686553955,0.0,0.3984396755695343,0.39835652709007263,0.009959734976291656,0.024996845412182146,0.9996874928474426,1.1057457413699012e-05,1.1057482879550662e-05,0.9999976969576234,0.43340161442756653,0.08480902016162872,0.7733117341995239,1,nan
GF1_WFV3_E113.4_N17.2_20200703_L2A0004902183_1024_9216.png,2,classification,0.8908821940422058,0.8908821940422058,0.0,0.022246481850743294,0.022245017811655998,0.00031472131377086043,0.014147015059837205,0.9998999238014221,3.771958176912449e-07,3.7719522083534684e-07,1.0000015823527582,0.4439651370048523,0.08912541717290878,0.7630295157432556,0,0.45538707077503204
GF1_WFV3_E113.4_N17.2_20200703_L2A0004902183_1024_9728.png,1,classification,1.0711935758590698,1.0711935758590698,0.0,0.027115534991025925,0.02710893005132675,0.0012527588987722993,0.04620078118270241,0.998932421207428,1.2725841997962561e-06,1.2725839724225807e-06,1.000000178670862,0.44444695115089417,0.0811263769865036,0.6971477270126343,0,0.5145251154899597
GF1_WFV3_E113.4_N17.2_20200703_L2A0004902183_11264_4608.png,1,classification,0.7941448092460632,0.7941448092460632,0.0,0.017468731850385666,0.017467115074396133,0.0002146605693269521,0.01228827433871297,0.9999244809150696,2.447544886763353e-07,2.4475406235069386e-07,1.0000017418531786,0.44170963764190674,0.09580492228269577,0.8093910813331604,0,0.5823907852172852
GF1_WFV3_E113.4_N17.2_20200703_L2A0004902183_12800_10752.png,0,classification,0.014292478561401367,0.014292478561401367,0.0,0.003109206445515156,0.0031108271796256304,0.00023980029800441116,0.07712588475760712,0.9970273971557617,nan,2.5115818402809964e-07,nan,0.4464662969112396,0.11060313135385513,0.8941311240196228,0,nan
GF1_WFV3_E113.4_N17.2_20200703_L2A0004902183_13312_10752.png,0,classification,0.010985136032104492,0.010985136032104492,0.0,0.00429874612018466,0.00429907813668251,0.0001538831420475617,0.03579721568692021,0.9993592500686646,nan,1.6054320894909324e-07,nan,0.4451337456703186,0.11648516356945038,0.9289934039115906,0,nan
GF1_WFV3_E113.4_N17.2_20200703_L2A0004902183_14334_4096.png,1,classification,2.5440256595611572,2.5440256595611572,0.0,0.22654761373996735,0.226546972990036,0.002282276749610901,0.010074159298938859,0.9999492168426514,2.6427987904753536e-06,2.642809704411775e-06,0.999995870328309,0.4490683078765869,0.10387390851974487,0.5973286628723145,1,nan
GF1_WFV3_E113.4_N17.2_20200703_L2A0004902183_14846_7168.png,0,classification,0.01260995864868164,0.01260995864868164,0.0,0.002507247496396303,0.002508751815184951,0.00021253265731502324,0.08476732258004005,0.9964095950126648,nan,2.1310459885626187e-07,nan,0.4523763656616211,0.09602207690477371,0.674486517906189,0,nan
GF1_WFV3_E113.4_N17.2_20200703_L2A0004902183_15870_4608.png,0,classification,0.0192415714263916,0.0192415714263916,0.0,0.00880524329841137,0.008808054029941559,0.00035959723754785955,0.04083898937951409,0.9991664290428162,nan,3.4796698855643626e-07,nan,0.46537697315216064,0.14626237750053406,0.545676589012146,0,nan
GF1_WFV3_E113.4_N17.2_20200703_L2A0004902183_5120_6656.png,1,classification,1.1315006017684937,1.1315006017684937,0.0,0.05247878283262253,0.05248219892382622,0.0009750177850946784,0.01857927589907012,0.9998274445533752,9.675148930909927e-07,9.675120509200497e-07,1.0000029376077955,0.4408470094203949,0.0892176404595375,0.6756186485290527,0,0.3682989478111267
GF1_WFV3_E113.4_N17.2_20200703_L2A0004902183_9216_4096.png,0,classification,0.01578497886657715,0.01578497886657715,0.0,0.0032175411470234394,0.0032188226468861103,0.00025634650955908,0.07967155596323211,0.9968274831771851,nan,2.675915879990498e-07,nan,0.4428679943084717,0.10982532799243927,0.8858482241630554,0,nan
GF1_WFV3_E119.6_N35.6_20200424_L2A0004760840_10240_10752.png,1,classification,0.8705148696899414,0.8705148696899414,0.0,0.039702121168375015,0.03969657048583031,0.0008137552649714053,0.02049651859960589,0.9997900128364563,9.486387284596276e-07,9.486360568189411e-07,1.000002816296795,0.4511944651603699,0.10884883254766464,0.5838057398796082,0,0.6142234206199646
GF1_WFV3_E119.6_N35.6_20200424_L2A0004760840_10240_11776.png,1,classification,1.0836094617843628,1.0836094617843628,0.0,0.050015874207019806,0.05001246929168701,0.0018002843717113137,0.035994259827585716,0.9993522763252258,1.7946504158317111e-06,1.794650870579062e-06,0.9999997466095727,0.45041534304618835,0.09643017500638962,0.579724133014679,0,0.5735557079315186
GF1_WFV3_E119.6_N35.6_20200424_L2A0004760840_10240_9728.png,1,classification,1.0042821168899536,1.0042821168899536,0.0,0.03748263418674469,0.03748474270105362,0.00042476278031244874,0.011332255310451508,0.9999359250068665,4.1302962472400395e-07,4.1302999420622655e-07,0.999999105434889,0.4507729411125183,0.10443270951509476,0.5858350992202759,0,0.41194137930870056
GF1_WFV3_E119.6_N35.6_20200424_L2A0004760840_11264_10240.png,1,classification,0.7712274193763733,0.7712274193763733,0.0,0.01820194162428379,0.01819995976984501,0.00020382108050398529,0.011197765859882832,0.9999372959136963,2.165800196962664e-07,2.1658061655216443e-07,0.999997244185987,0.4491073191165924,0.10797186940908432,0.60384601354599,0,0.5193356275558472
GF1_WFV3_E119.6_N35.6_20200424_L2A0004760840_11264_12288.png,0,classification,0.017827272415161133,0.017827272415161133,0.0,0.0032866073306649923,0.0032913759350776672,0.00022715801605954766,0.0691162628221808,0.9976161122322083,nan,2.2287808576493262e-07,nan,0.4486466944217682,0.10817006975412369,0.5965350866317749,0,nan
GF1_WFV3_E119.6_N35.6_20200424_L2A0004760840_12288_4096.png,1,classification,1.0089712142944336,1.0089712142944336,0.0,0.03738648444414139,0.03738270327448845,0.0005367753328755498,0.01435747010868428,0.9998969435691833,6.490816986115533e-07,6.490820965154853e-07,0.9999993869744148,0.4438343048095703,0.10025976598262787,0.6620756387710571,0,0.44126006960868835
GF1_WFV3_E119.6_N35.6_20200424_L2A0004760840_12800_10752.png,0,classification,0.025328636169433594,0.025328636169433594,0.0,0.00758249219506979,0.007583701051771641,0.0003331105981487781,0.04393154514097223,0.9990350604057312,nan,3.2036780339694815e-07,nan,0.45047229528427124,0.10620768368244171,0.5864272713661194,0,nan
GF1_WFV3_E119.6_N35.6_20200424_L2A0004760840_12800_13312.png,0,classification,0.01828289031982422,0.01828289031982422,0.0,0.0020060150418430567,0.002012423239648342,0.0001980708766495809,0.09873848027958967,0.9951459169387817,nan,1.9722268973509927e-07,nan,0.4487189054489136,0.11036394536495209,0.5862122774124146,0,nan
GF1_WFV3_E119.6_N35.6_20200424_L2A0004760840_12800_14336.png,1,classification,2.410769462585449,2.410769462585449,0.0,0.20901982486248016,0.20889458060264587,0.015477703884243965,0.07404897547123661,0.9972569346427917,1.634567706787493e-05,1.6345684343832545e-05,0.9999995548698077,0.4505884051322937,0.0801825150847435,0.5661450028419495,1,nan
GF1_WFV3_E119.6_N35.6_20200424_L2A0004760840_12800_15201.png,2,classification,1.0015153884887695,1.0015153884887695,0.0,0.04133669659495354,0.04132716357707977,0.0010739108547568321,0.02597960028784538,0.9996625185012817,1.245873249899887e-06,1.2458726814656984e-06,1.0000004562538347,0.4621869921684265,0.07696452736854553,0.5134654641151428,0,0.4188134968280792
GF1_WFV3_E119.6_N35.6_20200424_L2A0004760840_12800_8192.png,2,classification,1.0080760717391968,1.0080760717391968,0.0,0.03443172201514244,0.034429822117090225,0.0008282967028208077,0.0240562090521217,0.9997106790542603,8.71728104812064e-07,8.717278774383885e-07,1.0000002608310246,0.4491384029388428,0.11571266502141953,0.6244310140609741,0,0.21185144549235702
GF1_WFV3_E119.6_N35.6_20200424_L2A0004760840_13312_10752.png,1,classification,1.0503779649734497,1.0503779649734497,0.0,0.044356297701597214,0.044345200061798096,0.0009216313483193517,0.02077791421005286,0.9997841119766235,1.0494809430383611e-06,1.0494804882910103e-06,1.0000004333071038,0.44868722558021545,0.10074366629123688,0.6008062958717346,0,0.0207931287586689
GF1_WFV3_E119.6_N35.6_20200424_L2A0004760840_13312_12800.png,1,classification,0.9146788716316223,0.9146788716316223,0.0,0.018431678414344788,0.01843155175447464,0.00017178150301333517,0.009319905607708689,0.999956488609314,1.8992244577020756e-07,1.8992189154687367e-07,1.0000029181645642,0.44829052686691284,0.10646780580282211,0.5872107148170471,0,0.47385480999946594
GF1_WFV3_E119.6_N35.6_20200424_L2A0004760840_13312_15201.png,0,classification,0.007441043853759766,0.007441043853759766,0.0,0.0012346967123448849,0.001236800802871585,6.78782380418852e-05,0.054975636820943384,0.9984928369522095,nan,7.205913732377667e-08,nan,0.46672460436820984,0.12917722761631012,0.5019918084144592,0,nan
GF1_WFV3_E119.6_N35.6_20200424_L2A0004760840_13824_4608.png,0,classification,0.2227994203567505,0.2227994203567505,0.0,0.09748353064060211,0.09748425334692001,0.0040452489629387856,0.041496742437988086,0.9991390109062195,nan,4.0849658944352996e-06,nan,0.44491446018218994,0.10865128040313721,0.6884815692901611,0,nan
GF1_WFV3_E119.6_N35.6_20200424_L2A0004760840_14187_9728.png,0,classification,0.041216373443603516,0.041216373443603516,0.0,0.014374133199453354,0.014379851520061493,0.0007327957428060472,0.050980169213536666,0.9987011551856995,nan,7.287285370694008e-07,nan,0.45065736770629883,0.10088185220956802,0.6196021437644958,0,nan
GF1_WFV3_E119.6_N35.6_20200424_L2A0004760840_14699_9728.png,0,classification,0.0031023025512695312,0.0031023025512695312,0.0,0.0004695849202107638,0.00046826372272334993,1.4076677871344145e-05,0.029976852461586947,0.9995533227920532,nan,1.5160717126150303e-08,nan,0.473304808139801,0.17667734622955322,0.47933319211006165,0,nan
GF1_WFV3_E119.6_N35.6_20200424_L2A0004760840_15211_4096.png,1,classification,1.5489574670791626,1.5489574670791626,0.0,0.08870508521795273,0.08870308101177216,0.0014680218882858753,0.01654946708724617,0.9998629689216614,1.6902006336749764e-06,1.6902021116038668e-06,0.9999991255904367,0.4449668824672699,0.1058812141418457,0.640347421169281,0,0.5996145009994507
GF1_WFV3_E119.6_N35.6_20200424_L2A0004760840_15211_5120.png,2,classification,0.8025296330451965,0.8025296330451965,0.0,0.01909228228032589,0.019089698791503906,0.00027219054754823446,0.014256574648947019,0.9998985528945923,3.118030917903525e-07,3.1180351811599394e-07,0.9999986327106121,0.4466176927089691,0.09767823666334152,0.724399745464325,0,0.576707735657692
GF1_WFV3_E119.6_N35.6_20200424_L2A0004760840_15211_5632.png,1,classification,1.2561067342758179,1.2561067342758179,0.0,0.06478040665388107,0.06476826220750809,0.0009547170484438539,0.014737743983992968,0.9998914003372192,1.116782641474856e-06,1.116782641474856e-06,1.0,0.45437753200531006,0.09816677868366241,0.6580297350883484,0,0.6220517754554749
GF1_WFV3_E119.6_N35.6_20200424_L2A0004760840_6144_10752.png,0,classification,0.07398653030395508,0.07398653030395508,0.0,0.018220383673906326,0.018216390162706375,0.0014484722632914782,0.07949735248253066,0.9968394041061401,nan,1.581014316798246e-06,nan,0.43500107526779175,0.088422492146492,0.7874369621276855,0,nan
GF1_WFV3_E119.6_N35.6_20200424_L2A0004760840_8192_13312.png,2,classification,0.9714647531509399,0.9714647531509399,0.0,0.025793742388486862,0.025784015655517578,0.0007424659561365843,0.028784731775408707,0.9995856285095215,8.296552778119803e-07,8.296547093777917e-07,1.0000006851454974,0.4481017589569092,0.0727216973900795,0.5926247835159302,0,0.36055751144886017
GF1_WFV3_E119.6_N35.6_20200424_L2A0004760840_8192_7680.png,1,classification,4.372826099395752,4.372826099395752,0.0,0.43487921357154846,0.4348714351654053,0.010951767675578594,0.025183470108020592,0.9996828436851501,1.179854734800756e-05,1.1798540981544647e-05,1.0000005395974743,0.4500555694103241,0.08105084300041199,0.6000742316246033,0,nan
GF1_WFV3_E119.6_N35.6_20200424_L2A0004760840_8192_9216.png,0,classification,0.01945042610168457,0.01945042610168457,0.0,0.004463476594537497,0.004466297570616007,0.0002149840584024787,0.04816515867151203,0.9988409876823425,nan,2.080978305230019e-07,nan,0.4540254473686218,0.10756191611289978,0.5487207770347595,0,nan
GF1_WFV3_E119.6_N35.6_20200424_L2A0004760840_8704_13312.png,2,classification,1.1895995140075684,1.1895995140075684,0.0,0.046462398022413254,0.046447694301605225,0.0013384976191446185,0.028808190625437224,0.9995850324630737,1.609596097296162e-06,1.6095964383566752e-06,0.9999997881080592,0.44901329278945923,0.08856720477342606,0.5711976289749146,1,0.5008533000946045
GF1_WFV3_E119.6_N35.6_20200424_L2A0004760840_9216_8192.png,0,classification,0.035282135009765625,0.035282135009765625,0.0,0.010144630447030067,0.01015068031847477,0.0005339969065971673,0.05263837942499913,0.9986156225204468,nan,5.131029183758073e-07,nan,0.4526539146900177,0.11015857756137848,0.5686187744140625,0,nan
GF1_WFV3_E119.6_N35.6_20200424_L2A0004760840_9216_8704.png,1,classification,1.0658190250396729,1.0658190250396729,0.0,0.03155113756656647,0.03154660761356354,0.0004867817915510386,0.015428343606439809,0.9998810291290283,5.567911216530774e-07,5.567886205426475e-07,1.00000449202864,0.4528185725212097,0.11055255681276321,0.5673087239265442,0,0.47330373525619507
GF1_WFV3_E119.6_N35.6_20200424_L2A0004760840_9728_11264.png,1,classification,0.797662615776062,0.797662615776062,0.0,0.017186466604471207,0.017185702919960022,0.0001804714120225981,0.010500786239310347,0.9999449849128723,1.9635648129678884e-07,1.963570923635416e-07,0.9999968879822705,0.4514966607093811,0.1008707731962204,0.5735243558883667,0,0.6177509427070618
GF1_WFV3_E119.6_N35.6_20200424_L2A0004760840_9728_11776.png,8,classification,0.959761917591095,0.959761917591095,0.0,0.015037260949611664,0.015035017393529415,0.00032192294020205736,0.02140834965096293,0.9997708201408386,3.7457920143424417e-07,3.7457937196450075e-07,0.9999995447419977,0.449554443359375,0.08942873030900955,0.6034597158432007,1,0.6497054100036621
GF1_WFV3_E119.6_N35.6_20200424_L2A0004760840_9728_7168.png,0,classification,0.8980724811553955,0.8980724811553955,0.0,0.25458449125289917,0.2545109689235687,0.011622400023043156,0.045652427474451675,0.998957633972168,nan,1.2308277291595004e-05,nan,0.4536432921886444,0.10502725839614868,0.5470318794250488,0,nan
GF1_WFV3_E120.2_N22.2_20200710_L2A0004922264_10240_13312.png,1,classification,1.3878252506256104,1.3878252506256104,0.0,0.08667469024658203,0.08665362000465393,0.0020158959086984396,0.023258184170758377,0.9997293949127197,2.2548242668563034e-06,2.254823584735277e-06,1.0000003025163613,0.428815633058548,0.1150316670536995,0.7203968167304993,0,0.042179543524980545
GF1_WFV3_E120.2_N22.2_20200710_L2A0004922264_11264_12288.png,1,classification,1.0159246921539307,1.0159246921539307,0.0,0.027510831132531166,0.027509400621056557,0.0008152067312039435,0.02963221021119835,0.9995610117912292,8.623286475994973e-07,8.62327965478471e-07,1.0000007910227358,0.42709529399871826,0.135767862200737,0.741716742515564,0,0.3964007794857025
GF1_WFV3_E120.2_N22.2_20200710_L2A0004922264_11776_10752.png,0,classification,0.027228593826293945,0.027228593826293945,0.0,0.00842168740928173,0.008426075801253319,0.0005246333312243223,0.06229551225638132,0.9980607032775879,nan,5.481572316057282e-07,nan,0.42747747898101807,0.11662488430738449,0.73503178358078,0,nan
GF1_WFV3_E120.2_N22.2_20200710_L2A0004922264_13824_5632.png,1,classification,1.0145105123519897,1.0145105123519897,0.0,0.05444321781396866,0.054441194981336594,0.0026619068812578917,0.04889326876955679,0.9988046288490295,2.7278831566945883e-06,2.727884975683992e-06,0.9999993331869123,0.4419669210910797,0.09838145971298218,0.6685542464256287,0,0.518844723701477
GF1_WFV3_E120.2_N22.2_20200710_L2A0004922264_2048_5120.png,0,classification,0.010396957397460938,0.010396957397460938,0.0,0.002171681961044669,0.002171521307900548,0.00012655765749514103,0.058276331325357394,0.9983018636703491,nan,1.3630474882120325e-07,nan,0.43487846851348877,0.12015262991189957,0.9422546625137329,0,nan
GF1_WFV3_E120.2_N22.2_20200710_L2A0004922264_2048_5632.png,0,classification,0.013554096221923828,0.013554096221923828,0.0,0.003340400755405426,0.003340591210871935,0.0001977634383365512,0.05920350665007215,0.998247504234314,nan,2.0648924703436933e-07,nan,0.4414587616920471,0.089655302464962,0.7802742123603821,0,nan
GF1_WFV3_E120.2_N22.2_20200710_L2A0004922264_3072_0.png,1,classification,1.2855907678604126,1.2855907678604126,0.0,0.048522211611270905,0.048516303300857544,0.002236404921859503,0.04609033363475178,0.998937726020813,2.190458189943456e-06,2.1904575078224298e-06,1.0000003114057332,0.4457617402076721,0.10115326195955276,0.6077407598495483,0,0.47030109167099
GF1_WFV3_E120.2_N22.2_20200710_L2A0004922264_3072_512.png,2,classification,0.9727779626846313,0.9727779626846313,0.0,0.03705647215247154,0.03704052418470383,0.0015149170067161322,0.04088130679258663,0.9991641044616699,1.6837853991091833e-06,1.683784716988157e-06,1.0000004051117815,0.44044560194015503,0.09180577844381332,0.6840951442718506,0,0.40117040276527405
GF1_WFV3_E120.2_N22.2_20200710_L2A0004922264_3584_5632.png,0,classification,0.0718989372253418,0.0718989372253418,0.0,0.03132323548197746,0.03132941573858261,0.0018225251697003841,0.05818444811517046,0.9983076453208923,nan,1.7935089999809861e-06,nan,0.43321526050567627,0.10712319612503052,0.745871901512146,0,nan
GF1_WFV3_E120.2_N22.2_20200710_L2A0004922264_4096_512.png,0,classification,0.011535167694091797,0.011535167694091797,0.0,0.002203199779614806,0.002204291056841612,0.00014349624689202756,0.06513083752991095,0.997880220413208,nan,1.4778281354210776e-07,nan,0.4562761187553406,0.06652367860078812,0.6234670281410217,0,nan
GF1_WFV3_E120.2_N22.2_20200710_L2A0004922264_4096_6144.png,0,classification,0.008891582489013672,0.008891582489013672,0.0,0.001666386378929019,0.0016675017541274428,9.181153291137889e-05,0.05509618541792562,0.9984835386276245,nan,8.984284249891061e-08,nan,0.4369999170303345,0.10725100338459015,0.7008580565452576,0,nan
GF1_WFV3_E120.2_N22.2_20200710_L2A0004922264_4096_7168.png,1,classification,1.361620306968689,1.361620306968689,0.0,0.05800441652536392,0.058006078004837036,0.0013069419655948877,0.022531766439257153,0.9997462034225464,1.505418026681582e-06,1.5054174582473934e-06,1.0000003775923985,0.4347883462905884,0.1437353789806366,0.667689323425293,0,0.3710077702999115
GF1_WFV3_E120.2_N22.2_20200710_L2A0004922264_4608_6656.png,1,classification,1.2504619359970093,1.2504619359970093,0.0,0.04290816932916641,0.04290993884205818,0.0004906069952994585,0.011433883173523628,0.9999346733093262,4.853914674640691e-07,4.853892505707336e-07,1.0000045672485185,0.4324359893798828,0.1365169733762741,0.6808035373687744,0,0.35092517733573914
GF1_WFV3_E120.2_N22.2_20200710_L2A0004922264_5632_10752.png,0,classification,0.009100914001464844,0.009100914001464844,0.0,0.0016256091184914112,0.0016263012075796723,7.543783431174234e-05,0.04640588777070206,0.9989238381385803,nan,7.937603641039459e-08,nan,0.43064820766448975,0.12680096924304962,0.6962664127349854,0,nan
GF1_WFV3_E120.2_N22.2_20200710_L2A0004922264_6144_3072.png,2,classification,1.8443093299865723,1.8443093299865723,0.0,0.13946938514709473,0.13946810364723206,0.0012695795157924294,0.009102926168731847,0.9999586343765259,1.4232805369829293e-06,1.4232812191039557e-06,0.9999995207405135,0.4352530837059021,0.11758345365524292,0.6481763124465942,1,0.2978420555591583
GF1_WFV3_E120.2_N22.2_20200710_L2A0004922264_6144_3584.png,3,classification,1.280975580215454,1.280975580215454,0.0,0.030741676688194275,0.03074275702238083,0.0006700517260469496,0.021796199759796107,0.9997624754905701,7.242163633236487e-07,7.242164770104864e-07,0.999999843020918,0.43177497386932373,0.11523058265447617,0.6632936000823975,1,0.20981691405177116
GF1_WFV3_E120.2_N22.2_20200710_L2A0004922264_6144_5120.png,0,classification,0.06775331497192383,0.06775331497192383,0.0,0.02965437062084675,0.02965531498193741,0.001456023775972426,0.049099803687920954,0.9987945556640625,nan,1.4828940493316622e-06,nan,0.4322972595691681,0.08736907690763474,0.7417070269584656,0,nan
GF1_WFV3_E120.2_N22.2_20200710_L2A0004922264_6144_5632.png,1,classification,1.2376959323883057,1.2376959323883057,0.0,0.045444048941135406,0.045427314937114716,0.0015850345371291041,0.03487881414752966,0.9993917346000671,1.6263203406197135e-06,1.6263173847619328e-06,1.0000018175159464,0.43380993604660034,0.09587128460407257,0.6948174834251404,0,0.042826440185308456
GF1_WFV3_E120.2_N22.2_20200710_L2A0004922264_6656_3072.png,1,classification,5.766819000244141,5.766819000244141,0.0,0.5278610587120056,0.5278438329696655,0.004644840490072966,0.008799361902934257,0.9999611377716064,5.261371825326933e-06,5.261376827547792e-06,0.9999990492563023,0.4351377487182617,0.08585479110479355,0.7519351243972778,1,nan
GF1_WFV3_E120.2_N22.2_20200710_L2A0004922264_6656_4096.png,3,classification,5.347909450531006,5.347909450531006,0.0,0.29532352089881897,0.2953791320323944,0.007916129194200039,0.026804939783012374,0.9996407628059387,8.12470716482494e-06,8.124699888867326e-06,1.0000008955355537,0.4285203814506531,0.10333098471164703,0.696955680847168,1,nan
GF1_WFV3_E120.2_N22.2_20200710_L2A0004922264_6656_5120.png,3,classification,2.3193283081054688,2.3193283081054688,0.0,0.19885098934173584,0.19885128736495972,0.009349584579467773,0.047018044066152585,0.9988946914672852,9.979260539694224e-06,9.979256901715416e-06,1.000000364554079,0.435554176568985,0.08364102244377136,0.7157109379768372,3,nan
GF1_WFV3_E120.2_N22.2_20200710_L2A0004922264_7168_11776.png,1,classification,0.7076179385185242,0.7076179385185242,0.0,0.028040289878845215,0.028039170429110527,0.00023887386487331241,0.008518951334148974,0.999963641166687,2.8525340667329147e-07,2.852529519259406e-07,1.0000015941898157,0.43109261989593506,0.11973350495100021,0.7057112455368042,0,0.6920421123504639
GF1_WFV3_E120.2_N22.2_20200710_L2A0004922264_7168_3072.png,0,classification,0.5732120871543884,0.5732120871543884,0.0,0.27832919359207153,0.2782977223396301,0.009348689578473568,0.03358860584411176,0.9994357824325562,nan,1.030457133310847e-05,nan,0.442940354347229,0.1652882844209671,0.9802053570747375,0,nan
GF1_WFV3_E120.2_N22.2_20200710_L2A0004922264_7168_5120.png,6,classification,2.106290817260742,2.106290817260742,0.0,0.09548945724964142,0.09544575214385986,0.002886940026655793,0.030233076088267682,0.9995429515838623,3.2752836887084413e-06,3.275285052950494e-06,0.9999995834737953,0.4403374195098877,0.07703004032373428,0.7116785049438477,4,0.40674713253974915
GF1_WFV3_E120.2_N22.2_20200710_L2A0004922264_7168_6144.png,2,classification,7.586559295654297,7.586559295654297,0.0,0.33458733558654785,0.33448368310928345,0.003645771648734808,0.01089632290577763,0.9999406933784485,4.245146101311548e-06,4.245173840899952e-06,0.9999934656177948,0.4342809319496155,0.11599042266607285,0.6536309719085693,0,nan
GF1_WFV3_E120.2_N22.2_20200710_L2A0004922264_7680_3072.png,0,classification,0.027037382125854492,0.027037382125854492,0.0,0.009372130036354065,0.00937082339078188,0.0004921976942569017,0.052517164438360256,0.9986209273338318,nan,5.571334327214572e-07,nan,0.4399651288986206,0.15112154185771942,1.0269885063171387,0,nan
GF1_WFV3_E120.2_N22.2_20200710_L2A0004922264_7680_3584.png,0,classification,0.4121633768081665,0.4121633768081665,0.0,0.23717503249645233,0.23717361688613892,0.008089686743915081,0.034108509056644004,0.999418318271637,nan,9.386023521074094e-06,nan,0.44134819507598877,0.16803525388240814,1.0455297231674194,0,nan
GF1_WFV3_E120.2_N22.2_20200710_L2A0004922264_8192_6656.png,1,classification,1.2021245956420898,1.2021245956420898,0.0,0.05535217374563217,0.055344752967357635,0.0010946900583803654,0.019776821474274026,0.9998044371604919,1.1993445241387235e-06,1.19934918529907e-06,0.999996113591935,0.4308253526687622,0.08766015619039536,0.7495084404945374,0,0.4567485749721527
GF1_WFV3_E120.2_N22.2_20200710_L2A0004922264_8192_8192.png,0,classification,0.009977340698242188,0.009977340698242188,0.0,0.003380565671250224,0.0033817796502262354,0.00012998649617657065,0.038451108133183566,0.9992610812187195,nan,1.3228869022441359e-07,nan,0.4312872886657715,0.12931354343891144,0.7023232579231262,0,nan
GF1_WFV3_E120.2_N22.2_20200710_L2A0004922264_9728_6656.png,0,classification,0.15935873985290527,0.15935873985290527,0.0,0.07751724869012833,0.07750155031681061,0.0033706354442983866,0.04348239264492408,0.9990545511245728,nan,3.82871712645283e-06,nan,0.43628135323524475,0.1615237295627594,1.097502589225769,0,nan
GF1_WFV3_E121.9_N35.6_20190805_L2A0004161897_10752_14336.png,0,classification,0.02305912971496582,0.02305912971496582,0.0,0.003249179804697633,0.0032536485232412815,0.00031140053761191666,0.09583973689658441,0.9954146146774292,nan,3.126982619505725e-07,nan,0.436614990234375,0.12543246150016785,0.6106194257736206,0,nan
GF1_WFV3_E121.9_N35.6_20190805_L2A0004161897_10752_9216.png,0,classification,0.025645017623901367,0.025645017623901367,0.0,0.004336710087954998,0.004341944586485624,0.00037194305332377553,0.08576617891909107,0.99632728099823,nan,3.850591099308076e-07,nan,0.4385470151901245,0.12060585618019104,0.5839341282844543,0,nan
GF1_WFV3_E121.9_N35.6_20190805_L2A0004161897_11264_10240.png,0,classification,0.06303596496582031,0.06303596496582031,0.0,0.02683197893202305,0.026837289333343506,0.0013502012006938457,0.05032059707986826,0.9987342357635498,nan,1.3696329688173137e-06,nan,0.43860337138175964,0.11701435595750809,0.5899307131767273,0,nan
GF1_WFV3_E121.9_N35.6_20190805_L2A0004161897_11264_13824.png,2,classification,2.721362590789795,2.721362590789795,0.0,0.21726194024085999,0.21726331114768982,0.0013250487390905619,0.006098853474389449,0.9999814033508301,1.4353884125739569e-06,1.4353855704030138e-06,1.0000019800749023,0.44014930725097656,0.11609617620706558,0.6176478266716003,0,0.6202732920646667
GF1_WFV3_E121.9_N35.6_20190805_L2A0004161897_11264_15148.png,0,classification,0.008570194244384766,0.008570194244384766,0.0,0.0010703698499128222,0.0010716787073761225,7.777199061820284e-05,0.07265898850246677,0.997364342212677,nan,8.208677115817409e-08,nan,0.4470626711845398,0.11047978699207306,0.5899533629417419,0,nan
GF1_WFV3_E121.9_N35.6_20190805_L2A0004161897_11264_4096.png,2,classification,2.7490055561065674,2.7490055561065674,0.0,0.33231690526008606,0.3323265314102173,0.006655085366219282,0.020026322046453566,0.9997995495796204,7.069128969305893e-06,7.06911714587477e-06,1.0000016725470633,0.4363822042942047,0.11875556409358978,0.6110774278640747,1,nan
GF1_WFV3_E121.9_N35.6_20190805_L2A0004161897_11264_7168.png,0,classification,0.021128416061401367,0.021128416061401367,0.0,0.0027377454098314047,0.00274040293879807,0.00029280156013555825,0.10694988624000268,0.9942870140075684,nan,3.100937533417891e-07,nan,0.43744251132011414,0.12386327981948853,0.589508593082428,0,nan
GF1_WFV3_E121.9_N35.6_20190805_L2A0004161897_11264_9728.png,0,classification,2.085897445678711,2.085897445678711,0.0,0.17872118949890137,0.17862482368946075,0.008078538812696934,0.045201908264753315,0.9989780187606812,nan,8.83344910107553e-06,nan,0.4385985732078552,0.1167348176240921,0.5891469717025757,0,nan
GF1_WFV3_E121.9_N35.6_20190805_L2A0004161897_11776_10240.png,1,classification,1.8509305715560913,1.8509305715560913,0.0,0.10244850814342499,0.10238680988550186,0.006566276308149099,0.0640934302230785,0.9979449510574341,6.852290425740648e-06,6.85229133523535e-06,0.9999998672714487,0.4393600821495056,0.11401654034852982,0.5916648507118225,0,0.3463135063648224
GF1_WFV3_E121.9_N35.6_20190805_L2A0004161897_11776_10752.png,2,classification,1.076946496963501,1.076946496963501,0.0,0.03155020251870155,0.031549133360385895,0.0012414418160915375,0.03934814096219085,0.9992258548736572,1.2963877225047327e-06,1.2963873814442195e-06,1.0000002630853386,0.4404768943786621,0.10430268198251724,0.5995450615882874,0,0.41161903738975525
GF1_WFV3_E121.9_N35.6_20190805_L2A0004161897_11776_13312.png,1,classification,1.1792688369750977,1.1792688369750977,0.0,0.07470948994159698,0.07469344884157181,0.0025431644171476364,0.03404071449471435,0.9994206428527832,2.6738089218270034e-06,2.6738080123323016e-06,1.000000340149591,0.4423833191394806,0.10546735674142838,0.6141110062599182,1,nan
GF1_WFV3_E121.9_N35.6_20190805_L2A0004161897_11776_13824.png,3,classification,1.1047405004501343,1.1047405004501343,0.0,0.031821854412555695,0.031821854412555695,0.0003406955802347511,0.010706339606038973,0.9999427795410156,3.714761476203421e-07,3.7147620446376095e-07,0.9999998469796499,0.4455719590187073,0.10245464742183685,0.6112484335899353,0,0.36597588658332825
GF1_WFV3_E121.9_N35.6_20190805_L2A0004161897_11776_5632.png,1,classification,1.1371867656707764,1.1371867656707764,0.0,0.032028306275606155,0.032030653208494186,0.0008654143894091249,0.027020298293708205,0.9996349215507507,9.061755577022268e-07,9.061762398232531e-07,0.9999992472534631,0.43768876791000366,0.11769562214612961,0.5833557844161987,0,0.34072229266166687
GF1_WFV3_E121.9_N35.6_20190805_L2A0004161897_11776_6144.png,4,classification,1.0661085844039917,1.0661085844039917,0.0,0.015566995367407799,0.015565619803965092,0.00017538675456307828,0.011266577166861682,0.9999365210533142,2.0512490550572693e-07,2.0512500498170994e-07,0.9999995150470172,0.43700912594795227,0.10538369417190552,0.5900120139122009,1,0.4357549548149109
GF1_WFV3_E121.9_N35.6_20190805_L2A0004161897_11776_8192.png,4,classification,0.9478024244308472,0.9478024244308472,0.0,0.015171186998486519,0.015164393000304699,0.0003219843783881515,0.021223413726313752,0.9997748136520386,3.590903361327946e-07,3.590903077110852e-07,1.0000000791491968,0.43621891736984253,0.11070598661899567,0.6060153245925903,0,0.417655885219574
GF1_WFV3_E121.9_N35.6_20190805_L2A0004161897_12288_6656.png,2,classification,1.6113003492355347,1.6113003492355347,0.0,0.059460148215293884,0.05944990739226341,0.001274981303140521,0.02144261898783125,0.9997699856758118,1.4739532616658835e-06,1.4739539437869098e-06,0.9999995372168654,0.4379159212112427,0.11456068605184555,0.5938315987586975,1,0.33398276567459106
GF1_WFV3_E121.9_N35.6_20190805_L2A0004161897_12800_11264.png,1,classification,6.876944541931152,6.876944541931152,0.0,0.7048174738883972,0.7048265933990479,0.002825545147061348,0.004008903371071576,0.9999920129776001,3.134138978566625e-06,3.1341289741249057e-06,1.0000031920963695,0.46982279419898987,0.15122029185295105,0.4885702133178711,0,nan
GF1_WFV3_E121.9_N35.6_20190805_L2A0004161897_12800_4608.png,1,classification,1.1904511451721191,1.1904511451721191,0.0,0.07297980040311813,0.07297278195619583,0.0054703219793736935,0.07495665854328602,0.9971904754638672,5.571353995037498e-06,5.571353085542796e-06,1.0000001632448505,0.44149649143218994,0.11121371388435364,0.5832725763320923,0,0.5090958476066589
GF1_WFV3_E121.9_N35.6_20190805_L2A0004161897_12929_3584.png,2,classification,1.1384482383728027,1.1384482383728027,0.0,0.03669695556163788,0.036694932729005814,0.0017052043695002794,0.04646718899163557,0.9989203214645386,1.806293425943295e-06,1.8062920617012423e-06,1.00000075527213,0.4399636387825012,0.11266970634460449,0.5980039238929749,1,0.4693126678466797
GF1_WFV3_E121.9_N35.6_20190805_L2A0004161897_12929_4608.png,1,classification,1.4569207429885864,1.4569207429885864,0.0,0.08686038106679916,0.08683738112449646,0.0031060674227774143,0.0357593114908018,0.9993604421615601,3.3554076708242064e-06,3.355410626681987e-06,0.9999991190771832,0.44253551959991455,0.111174575984478,0.5828937888145447,0,0.0021973303519189358
GF1_WFV3_E121.9_N35.6_20190805_L2A0004161897_13312_4096.png,1,classification,1.5293301343917847,1.5293301343917847,0.0,0.093098483979702,0.09307485818862915,0.0016928298864513636,0.018183216461617642,0.9998347759246826,1.8862012893805513e-06,1.8862053821067093e-06,0.9999978301800022,0.4413436949253082,0.11546193808317184,0.5859947800636292,0,0.006971658207476139
GF1_WFV3_E121.9_N35.6_20190805_L2A0004161897_13312_6144.png,1,classification,0.9430719614028931,0.9430719614028931,0.0,0.04409954324364662,0.044097900390625,0.0003158630570396781,0.00716250178135766,0.9999744892120361,3.386711853181623e-07,3.386704179320077e-07,1.0000022658789016,0.4440914988517761,0.11215297877788544,0.5659252405166626,0,0.031829364597797394
GF1_WFV3_E121.9_N35.6_20190805_L2A0004161897_13312_9216.png,0,classification,0.0879126787185669,0.0879126787185669,0.0,0.048678137362003326,0.048683051019907,0.0015921040903776884,0.03270675865302185,0.9994651079177856,nan,1.6940356317718397e-06,nan,0.4709987938404083,0.14057624340057373,0.49157312512397766,0,nan
GF1_WFV3_E121.9_N35.6_20190805_L2A0004161897_13441_5120.png,1,classification,1.4838088750839233,1.4838088750839233,0.0,0.10410339385271072,0.10407311469316483,0.002364995190873742,0.022717753027531682,0.9997418522834778,2.655600155776483e-06,2.655602656886913e-06,0.9999990581759574,0.4422525465488434,0.11471271514892578,0.5738980174064636,0,0.013823562301695347
GF1_WFV3_E121.9_N35.6_20190805_L2A0004161897_13441_7168.png,0,classification,0.013297319412231445,0.013297319412231445,0.0,0.0037155449390411377,0.003715671133249998,0.00022289481421466917,0.059989804422118265,0.9982005953788757,nan,2.2159872514748713e-07,nan,0.44573694467544556,0.09891825169324875,0.7272616624832153,0,nan
GF1_WFV3_E121.9_N35.6_20190805_L2A0004161897_13824_3584.png,0,classification,0.02162790298461914,0.02162790298461914,0.0,0.0036618467420339584,0.0036644977517426014,0.0002978895208798349,0.08134953258977008,0.9966937899589539,nan,3.095788372320385e-07,nan,0.4425000846385956,0.12069474905729294,0.5785717964172363,0,nan
GF1_WFV3_E121.9_N35.6_20190805_L2A0004161897_13824_6656.png,0,classification,0.029659509658813477,0.029659509658813477,0.0,0.013410797342658043,0.01341207604855299,0.0005781855434179306,0.043113435289846326,0.9990706443786621,nan,6.223417585715652e-07,nan,0.46376216411590576,0.11402265727519989,0.5593258142471313,0,nan
GF1_WFV3_E121.9_N35.6_20190805_L2A0004161897_2048_7680.png,1,classification,1.0458135604858398,1.0458135604858398,0.0,0.04733691364526749,0.04732814431190491,0.0010307726915925741,0.021775240762778918,0.9997630715370178,1.1811914646386867e-06,1.181189759336121e-06,1.0000014437160094,0.43401527404785156,0.11931447684764862,0.9606861472129822,0,0.5875246524810791
GF1_WFV3_E121.9_N35.6_20190805_L2A0004161897_3072_7680.png,0,classification,0.04154467582702637,0.04154467582702637,0.0,0.01832556538283825,0.018323708325624466,0.0011166100157424808,0.060931818059385905,0.9981435537338257,nan,1.1292997896816814e-06,nan,0.4378795623779297,0.09751496464014053,0.7985080480575562,0,nan
GF1_WFV3_E121.9_N35.6_20190805_L2A0004161897_3584_6656.png,2,classification,1.0586955547332764,1.0586955547332764,0.0,0.0462694987654686,0.046266429126262665,0.0006175113376230001,0.013345969895914567,0.9999109506607056,6.928483458068513e-07,6.928469815647986e-07,1.0000019690380257,0.43337947130203247,0.10381332039833069,0.8389401435852051,0,0.3911104053258896
GF1_WFV3_E121.9_N35.6_20190805_L2A0004161897_3584_7680.png,0,classification,0.16571271419525146,0.16571271419525146,0.0,0.08823554217815399,0.08821365237236023,0.0038705128245055676,0.0438656886891534,0.9990376234054565,nan,3.885131263814401e-06,nan,0.43630367517471313,0.10021724551916122,0.8173038363456726,0,nan
GF1_WFV3_E121.9_N35.6_20190805_L2A0004161897_3584_9728.png,0,classification,0.03235197067260742,0.03235197067260742,0.0,0.016474291682243347,0.01647157594561577,0.0008021480171009898,0.048690895643518146,0.9988144636154175,nan,8.182306601156597e-07,nan,0.438726007938385,0.11798415333032608,0.8149983882904053,0,nan
GF1_WFV3_E121.9_N35.6_20190805_L2A0004161897_4608_13312.png,1,classification,1.2675020694732666,1.2675020694732666,0.0,0.08026000112295151,0.08027338981628418,0.001485506072640419,0.0185086724626972,0.9998287558555603,1.6360829704353819e-06,1.6360828567485441e-06,1.0000000694872129,0.44722628593444824,0.10653676837682724,0.6155509352684021,0,0.38106009364128113
GF1_WFV3_E121.9_N35.6_20190805_L2A0004161897_5632_9728.png,0,classification,0.01749897003173828,0.01749897003173828,0.0,0.00450874213129282,0.004511301871389151,0.0003235776093788445,0.07176671451956891,0.9974263906478882,nan,3.395692260710348e-07,nan,0.4372485876083374,0.10181453078985214,0.8578786253929138,0,nan
GF1_WFV3_E121.9_N35.6_20190805_L2A0004161897_7680_8704.png,1,classification,0.8321666121482849,0.8321666121482849,0.0,0.04321131855249405,0.04321064054965973,0.0006328713498078287,0.014645962470203328,0.9998927116394043,7.448048791047768e-07,7.448045380442636e-07,1.0000004579194886,0.43703413009643555,0.11312735080718994,0.6768637895584106,0,0.5148424506187439
GF1_WFV3_E121.9_N35.6_20190805_L2A0004161897_8192_13312.png,0,classification,0.007850170135498047,0.007850170135498047,0.0,0.0009343958226963878,0.000934986921492964,7.55962246330455e-05,0.08090385551478316,0.9967294931411743,nan,7.619068043140942e-08,nan,0.43767809867858887,0.12211396545171738,0.6593064665794373,0,nan
GF1_WFV3_E121.9_N35.6_20190805_L2A0004161897_9728_5632.png,0,classification,0.06337332725524902,0.06337332725524902,0.0,0.026194537058472633,0.026200324296951294,0.0011535636149346828,0.04403832800555497,0.9990305304527283,nan,1.1435294027251075e-06,nan,0.4383160471916199,0.11713925004005432,0.577800452709198,0,nan
GF1_WFV3_E122.4_N37.3_20190805_L2A0004161911_10240_14622.png,1,classification,2.277111768722534,2.277111768722534,0.0,0.14497599005699158,0.1448955535888672,0.0068933856673538685,0.04754846416047241,0.9988691806793213,7.3452433753118385e-06,7.345242920564488e-06,1.0000000619104576,0.44008877873420715,0.11210905015468597,0.5964150428771973,1,nan
GF1_WFV3_E122.4_N37.3_20190805_L2A0004161911_10240_6144.png,0,classification,0.07056236267089844,0.07056236267089844,0.0,0.034006401896476746,0.03400855511426926,0.0016308651538565755,0.04795759218576848,0.9988500475883484,nan,1.6797573607618688e-06,nan,0.44258439540863037,0.10181177407503128,0.6237854361534119,0,nan
GF1_WFV3_E122.4_N37.3_20190805_L2A0004161911_10752_14622.png,1,classification,0.8917418718338013,0.8917418718338013,0.0,0.04977913573384285,0.049775198101997375,0.0007995184860192239,0.01606131714086115,0.999871015548706,8.912502380553633e-07,8.912497833080124e-07,1.000000510235581,0.4405295252799988,0.1185557097196579,0.5944879651069641,0,0.44211187958717346
GF1_WFV3_E122.4_N37.3_20190805_L2A0004161911_10752_4096.png,0,classification,0.04942178726196289,0.04942178726196289,0.0,0.021899471059441566,0.021900242194533348,0.0011029076995328069,0.05036229854772259,0.9987319111824036,nan,1.1343274763930822e-06,nan,0.4347892701625824,0.09968013316392899,0.7340961694717407,0,nan
GF1_WFV3_E122.4_N37.3_20190805_L2A0004161911_10752_8192.png,0,classification,0.35878312587738037,0.35878312587738037,0.0,0.10645567625761032,0.10647352784872055,0.007588022388517857,0.07127870166505473,0.9974602460861206,nan,7.857961463741958e-06,nan,0.4390677213668823,0.10677370429039001,0.6333574056625366,0,nan
GF1_WFV3_E122.4_N37.3_20190805_L2A0004161911_10752_9728.png,1,classification,3.025876522064209,3.025876522064209,0.0,0.4350714683532715,0.4350583851337433,0.01238471083343029,0.028465922806443587,0.9995947480201721,1.3427337762550451e-05,1.342732230114052e-05,1.0000011514887022,0.43993082642555237,0.1055632010102272,0.6446910500526428,1,nan
GF1_WFV3_E122.4_N37.3_20190805_L2A0004161911_11264_9216.png,0,classification,0.022164106369018555,0.022164106369018555,0.0,0.003892478533089161,0.003897259710356593,0.00032482517417520285,0.08344944523493983,0.9965231418609619,nan,3.2825315088302887e-07,nan,0.4435387849807739,0.10923134535551071,0.575005829334259,0,nan
GF1_WFV3_E122.4_N37.3_20190805_L2A0004161911_11776_2560.png,0,classification,0.029208660125732422,0.029208660125732422,0.0,0.012911916710436344,0.012911701574921608,0.0006328084273263812,0.04900964291497479,0.9987990260124207,nan,6.496059086202877e-07,nan,0.4386003911495209,0.10731919854879379,0.7081153392791748,0,nan
GF1_WFV3_E122.4_N37.3_20190805_L2A0004161911_12288_6656.png,1,classification,2.335437536239624,2.335437536239624,0.0,0.18755297362804413,0.18751657009124756,0.003098095767199993,0.016518510516096374,0.9998635053634644,3.5974035199615173e-06,3.5974035199615173e-06,1.0,0.4389580488204956,0.10473582148551941,0.6431046724319458,1,nan
GF1_WFV3_E122.4_N37.3_20190805_L2A0004161911_13422_7680.png,1,classification,1.4058778285980225,1.4058778285980225,0.0,0.05611075088381767,0.05611510947346687,0.0025593035388737917,0.04561164301958921,0.9989598989486694,2.624329908940126e-06,2.6243326374242315e-06,0.9999989603131606,0.45494475960731506,0.12017153948545456,0.6006148457527161,1,nan
GF1_WFV3_E122.4_N37.3_20190805_L2A0004161911_3072_13312.png,1,classification,1.8587709665298462,1.8587709665298462,0.0,0.2603285610675812,0.2602812647819519,0.005782072898000479,0.022210674365842845,0.9997533559799194,6.290843884926289e-06,6.290836154221324e-06,1.000001228883534,0.45752137899398804,0.12159212678670883,0.5707470178604126,1,nan
GF1_WFV3_E122.4_N37.3_20190805_L2A0004161911_4096_2048.png,0,classification,0.06255674362182617,0.06255674362182617,0.0,0.022978490218520164,0.022973045706748962,0.0014824550598859787,0.064514902667154,0.997918426990509,nan,1.5593788020851207e-06,nan,0.4449107348918915,0.1028919368982315,0.7961997389793396,0,nan
GF1_WFV3_E122.4_N37.3_20190805_L2A0004161911_4096_512.png,1,classification,1.1193281412124634,1.1193281412124634,0.0,0.05873297154903412,0.05872827395796776,0.0007955695618875325,0.013545535683024978,0.9999082684516907,9.81246216724685e-07,9.812471262193867e-07,0.9999990731237041,0.44201624393463135,0.0845392569899559,0.712131142616272,0,0.5205581784248352
GF1_WFV3_E122.4_N37.3_20190805_L2A0004161911_4608_4608.png,0,classification,0.012247562408447266,0.012247562408447266,0.0,0.0021042448934167624,0.0021042947191745043,0.0001945816184161231,0.09247099471400959,0.995724618434906,nan,2.0669332911893434e-07,nan,0.4425181746482849,0.09980921447277069,0.7972673773765564,0,nan
GF1_WFV3_E122.4_N37.3_20190805_L2A0004161911_5632_3072.png,2,classification,1.0229849815368652,1.0229849815368652,0.0,0.024125002324581146,0.0241255983710289,0.0007773880497552454,0.032223335745056446,0.9994807839393616,7.936723136481305e-07,7.936721999612928e-07,1.000000143241552,0.44608670473098755,0.08553330600261688,0.7185298204421997,1,0.5551787614822388
GF1_WFV3_E122.4_N37.3_20190805_L2A0004161911_5632_3584.png,2,classification,1.5694892406463623,1.5694892406463623,0.0,0.050867099314928055,0.05085770785808563,0.0019502771319821477,0.038340639789731366,0.9992647767066956,1.981612740564742e-06,1.981615696422523e-06,0.9999985083597258,0.44647282361984253,0.08738952875137329,0.6776991486549377,1,0.46672266721725464
GF1_WFV3_E122.4_N37.3_20190805_L2A0004161911_5632_4096.png,3,classification,1.0513414144515991,1.0513414144515991,0.0,0.02111385390162468,0.021110495552420616,0.0009139176108874381,0.043285210513705104,0.9990631341934204,9.759688737176475e-07,9.759694421518361e-07,0.999999417569686,0.44543886184692383,0.0887639969587326,0.6767078638076782,0,0.4453413486480713
GF1_WFV3_E122.4_N37.3_20190805_L2A0004161911_5632_512.png,0,classification,0.013630390167236328,0.013630390167236328,0.0,0.0035740609746426344,0.0035735631827265024,0.0001529138389742002,0.04278433973541535,0.9990845918655396,nan,1.646633052132529e-07,nan,0.45257145166397095,0.0815117210149765,0.7373999953269958,0,nan
GF1_WFV3_E122.4_N37.3_20190805_L2A0004161911_6144_4096.png,1,classification,0.9366410374641418,0.9366410374641418,0.0,0.029442811384797096,0.029438447207212448,0.0008534951484762132,0.028988235441297517,0.9995797276496887,8.996094038593583e-07,8.996096312330337e-07,0.9999997472529556,0.449704110622406,0.09863569587469101,0.5849600434303284,0,0.5639950633049011
GF1_WFV3_E122.4_N37.3_20190805_L2A0004161911_6144_5632.png,5,classification,3.4169023036956787,3.4169023036956787,0.0,0.2629646062850952,0.2628830671310425,0.010764598846435547,0.0409355426135372,0.9991618990898132,1.1964516488660593e-05,1.1964511941187084e-05,1.0000003800801514,0.4392217993736267,0.09199199080467224,0.7704402208328247,3,nan
GF1_WFV3_E122.4_N37.3_20190805_L2A0004161911_6656_5120.png,0,classification,0.0228421688079834,0.0228421688079834,0.0,0.008680954575538635,0.00868278369307518,0.000373952992958948,0.043077404645415394,0.9990724325180054,nan,3.7078268633194966e-07,nan,0.4536752998828888,0.09334339946508408,0.632601797580719,0,nan
GF1_WFV3_E122.4_N37.3_20190805_L2A0004161911_7680_5120.png,2,classification,1.4160021543502808,1.4160021543502808,0.0,0.05176275223493576,0.051746197044849396,0.0017840694636106491,0.03446627906324006,0.9994059205055237,1.9228493783884915e-06,1.922849151014816e-06,1.0000001182483167,0.4430309534072876,0.08664380013942719,0.7394964098930359,0,0.4141387939453125
GF1_WFV3_E122.4_N37.3_20190805_L2A0004161911_8192_5120.png,3,classification,0.764672040939331,0.764672040939331,0.0,0.01384455244988203,0.013847424648702145,0.000259479449596256,0.01874235014353729,0.9998245239257812,2.651151760346693e-07,2.65115289721507e-07,0.9999995711796259,0.4430927634239197,0.08470576256513596,0.7089506983757019,0,0.46785664558410645
GF1_WFV3_E122.4_N37.3_20190805_L2A0004161911_8704_4096.png,1,classification,1.0790928602218628,1.0790928602218628,0.0,0.0312904454767704,0.03128975257277489,0.0003672851889859885,0.01173793416455691,0.9999312162399292,3.6862709862361953e-07,3.6862766705780814e-07,0.9999984579719879,0.4394463300704956,0.1014668419957161,0.6641668081283569,0,0.47347939014434814
GF1_WFV3_E122.4_N37.3_20190805_L2A0004161911_8704_4608.png,1,classification,1.322152018547058,1.322152018547058,0.0,0.08664171397686005,0.08660946041345596,0.007474428508430719,0.08626824384414836,0.9962775707244873,7.706623364356346e-06,7.706621545366943e-06,1.0000002360294187,0.4405781030654907,0.09717454761266708,0.6468049883842468,0,0.37904250621795654
GF1_WFV3_E122.4_N37.3_20190805_L2A0004161911_9216_12800.png,1,classification,1.4826346635818481,1.4826346635818481,0.0,0.09605075418949127,0.09603247791528702,0.0025131660513579845,0.026164979885529575,0.9996577501296997,2.80817994280369e-06,2.8081713026040234e-06,1.0000030768064823,0.43833714723587036,0.10800720751285553,0.6891517639160156,0,0.3116195499897003
GF1_WFV3_E122.4_N37.3_20190805_L2A0004161911_9216_7680.png,5,classification,1.0690041780471802,1.0690041780471802,0.0,0.0580359548330307,0.05802329629659653,0.002048293361440301,0.03529352394275645,0.9993769526481628,2.284937636432005e-06,2.2849369543109788e-06,1.0000002985294736,0.4320775866508484,0.1022038385272026,0.7673050761222839,1,0.5287200510501862
GF1_WFV3_E122.4_N37.3_20190805_L2A0004161911_9728_3072.png,0,classification,0.03156423568725586,0.03156423568725586,0.0,0.013059591874480247,0.01305877510458231,0.0006701451493427157,0.05131440214852706,0.9986832737922668,nan,6.942266281839693e-07,nan,0.43771833181381226,0.09187313914299011,0.7404351830482483,0,nan
GF1_WFV3_E122.4_N37.3_20190805_L2A0004161911_9728_3584.png,0,classification,4.681113243103027,4.681113243103027,0.0,0.3411156237125397,0.34082692861557007,0.01909988932311535,0.05599242015138817,0.9984315633773804,nan,2.0841336663579568e-05,nan,0.43683481216430664,0.09037655591964722,0.7044899463653564,0,nan
GF1_WFV3_E122.4_N37.3_20190805_L2A0004161911_9728_5120.png,2,classification,0.9029861092567444,0.9029861092567444,0.0,0.055609382688999176,0.05556834861636162,0.0029112095944583416,0.05235105037471035,0.9986289143562317,3.055468823731644e-06,3.055469278478995e-06,0.9999998511693918,0.4345664381980896,0.10833267122507095,0.7944602966308594,0,0.3908950835466385
GF1_WFV3_E122.4_N37.3_20190805_L2A0004161911_9728_7168.png,3,classification,1.2140092849731445,1.2140092849731445,0.0,0.03899523615837097,0.03897224739193916,0.0012103782501071692,0.031039131169547783,0.9995181560516357,1.3996245797898155e-06,1.399624807163491e-06,0.9999998375466952,0.43774890899658203,0.09801694005727768,0.6797367334365845,0,0.007772522978484631
GF1_WFV3_E128.3_N25.6_20200602_L2A0004840282_7168_3584.png,0,classification,0.029851913452148438,0.029851913452148438,0.0,0.01651710644364357,0.01651904545724392,0.00043982884380966425,0.026628686163061428,0.9996455907821655,nan,4.548647325464117e-07,nan,0.4555002450942993,0.06619010120630264,0.5595217347145081,0,nan
GF1_WFV3_E131.3_N17.2_20200630_L2A0004898201_2048_2048.png,0,classification,0.01976156234741211,0.01976156234741211,0.0,0.0062475139275193214,0.006250755395740271,0.00031261570984497666,0.050038417436406725,0.9987488389015198,nan,3.310145757495775e-07,nan,0.4511004090309143,0.09654077142477036,0.6730719804763794,0,nan
GF1_WFV3_E131.3_N17.2_20200630_L2A0004898201_4096_9216.png,1,classification,5.731960296630859,5.731960296630859,0.0,0.501979649066925,0.5019539594650269,0.00335332821123302,0.00668020748941945,0.9999778270721436,3.5858458886650624e-06,3.5858715818903875e-06,0.9999928348729902,0.43946459889411926,0.0915277972817421,0.7892180681228638,0,nan
GF1_WFV3_E131.3_N17.2_20200630_L2A0004898201_5120_5120.png,0,classification,0.009714603424072266,0.009714603424072266,0.0,0.0021270010620355606,0.002127604326233268,0.00014039177040103823,0.06600456055564069,0.9978222846984863,nan,1.433116096904996e-07,nan,0.43757447600364685,0.11351945251226425,0.6872386932373047,0,nan
GF1_WFV3_E131.3_N17.2_20200630_L2A0004898201_6656_11264.png,1,classification,0.9889636635780334,0.9889636635780334,0.0,0.03889365866780281,0.038884375244379044,0.0009032323723658919,0.023223126939035214,0.9997302293777466,1.0080647143695387e-06,1.0080648280563764e-06,0.9999998872226918,0.4395434260368347,0.11397923529148102,0.6857361793518066,0,0.349785178899765
GF1_WFV3_E131.3_N17.2_20200630_L2A0004898201_8704_7168.png,0,classification,0.006883382797241211,0.006883382797241211,0.0,0.0010877151507884264,0.0010879654437303543,7.011760317254812e-05,0.06446320355262462,0.9979226589202881,nan,7.382457312132829e-08,nan,0.43151748180389404,0.1010536402463913,0.8004176616668701,0,nan
GF1_WFV3_E131.3_N17.2_20200630_L2A0004898201_9728_11776.png,1,classification,0.8803206086158752,0.8803206086158752,0.0,0.029168199747800827,0.02916966937482357,0.0003991294652223587,0.013683719553259421,0.9999064803123474,4.32121851190459e-07,4.3212182276874955e-07,1.0000000657724464,0.44096773862838745,0.1060236245393753,0.65741366147995,0,0.43691813945770264
GF1_WFV4_E109.8_N16.7_20200704_L2A0004904643_1024_12800.png,0,classification,0.048226118087768555,0.048226118087768555,0.0,0.016894884407520294,0.016900910064578056,0.0010017025051638484,0.05929028462118202,0.9982428550720215,nan,1.0372840506533976e-06,nan,0.462556391954422,0.10181991010904312,0.5562732815742493,0,nan
GF1_WFV4_E109.8_N16.7_20200704_L2A0004904643_12288_4608.png,1,classification,1.0984318256378174,1.0984318256378174,0.0,0.04009023681282997,0.040082816034555435,0.001629450125619769,0.04064456224659418,0.9991738200187683,1.6193550891330233e-06,1.6193562260014005e-06,0.9999992979504083,0.4489453434944153,0.09211881458759308,0.7375182509422302,0,0.5744794011116028
GF1_WFV4_E109.8_N16.7_20200704_L2A0004904643_13824_14848.png,1,classification,2.089463472366333,2.089463472366333,0.0,0.15544842183589935,0.1554129719734192,0.003568260930478573,0.02295462950563398,0.999736487865448,4.126999101572437e-06,4.12700046581449e-06,0.9999996694349652,0.45233970880508423,0.09693504869937897,0.540283739566803,1,nan
GF1_WFV4_E109.8_N16.7_20200704_L2A0004904643_18432_4096.png,0,classification,0.014503240585327148,0.014503240585327148,0.0,0.0029310614336282015,0.002932395087555051,0.0002978700795210898,0.10162532797969118,0.9948385953903198,nan,3.0694366159877973e-07,nan,0.4429478049278259,0.12048963457345963,0.9555767178535461,0,nan
GF1_WFV4_E109.8_N16.7_20200704_L2A0004904643_18944_5632.png,0,classification,0.025036096572875977,0.025036096572875977,0.0,0.00822435598820448,0.008225876837968826,0.0005095383967272937,0.06195480806741378,0.9980811476707458,nan,5.030926217841625e-07,nan,0.44486844539642334,0.11915294826030731,0.9473586082458496,0,nan
GF1_WFV4_E109.8_N16.7_20200704_L2A0004904643_4608_11776.png,0,classification,0.016347408294677734,0.016347408294677734,0.0,0.0028844738844782114,0.002888763090595603,0.00022557553893420845,0.07820335630288228,0.996947705745697,nan,2.2509013319904625e-07,nan,0.44317924976348877,0.1169426217675209,0.594697892665863,0,nan
GF1_WFV4_E109.8_N16.7_20200704_L2A0004904643_6144_9728.png,0,classification,0.02919626235961914,0.02919626235961914,0.0,0.008559358306229115,0.008561519905924797,0.00045837234938517213,0.05355218615530903,0.9985663890838623,nan,4.2884926187980454e-07,nan,0.4447067081928253,0.11259427666664124,0.6693427562713623,0,nan
GF1_WFV4_E109.8_N16.7_20200704_L2A0004904643_7168_10752.png,1,classification,0.825217068195343,0.825217068195343,0.0,0.020940368995070457,0.02094152569770813,0.00033356156200170517,0.01592911577060693,0.9998732209205627,3.6989956697652815e-07,3.698988564337924e-07,1.0000019209108744,0.44254153966903687,0.11801017075777054,0.6435724496841431,0,0.5238023996353149
GF1_WFV4_E109.8_N16.7_20200704_L2A0004904643_8192_12800.png,1,classification,1.2986946105957031,1.2986946105957031,0.0,0.0767650455236435,0.07676401734352112,0.0008331217686645687,0.010852879236656855,0.9999410510063171,9.725217751110904e-07,9.725241625346825e-07,0.9999975451267082,0.4465141296386719,0.10123888403177261,0.828754723072052,0,0.6205216646194458
GF1_WFV4_E109.8_N16.7_20200704_L2A0004904643_9728_3584.png,0,classification,0.010776042938232422,0.010776042938232422,0.0,0.0019462464842945337,0.0019467069068923593,0.0001270052744075656,0.06525652091471953,0.9978713989257812,nan,1.270657890017901e-07,nan,0.4479660987854004,0.09134383499622345,0.7225694060325623,0,nan
GF1_WFV4_E110.2_N18.4_20200704_L2A0004904642_12288_7168.png,1,classification,4.895450592041016,4.895450592041016,0.0,0.43894892930984497,0.4389791488647461,0.012227493338286877,0.027856300635046637,0.999612033367157,1.243645056092646e-05,1.2436442375474144e-05,1.000000658182788,0.45088720321655273,0.08218378573656082,0.6165453791618347,0,nan
GF1_WFV4_E110.2_N18.4_20200704_L2A0004904642_13824_6656.png,0,classification,1.3546199798583984,1.3546199798583984,0.0,0.3447737991809845,0.34462085366249084,0.024914072826504707,0.07226208280817299,0.9973880648612976,nan,2.522442810004577e-05,nan,0.4502250552177429,0.09630610048770905,0.6297260522842407,0,nan
GF1_WFV4_E110.2_N18.4_20200704_L2A0004904642_14336_3072.png,0,classification,0.019988059997558594,0.019988059997558594,0.0,0.002532122889533639,0.002536855638027191,0.0002524659794289619,0.09970526330791968,0.9950405359268188,nan,2.646095822456118e-07,nan,0.4497109651565552,0.10767783224582672,0.5811206698417664,0,nan
GF1_WFV4_E110.2_N18.4_20200704_L2A0004904642_16384_8704.png,1,classification,1.800459623336792,1.800459623336792,0.0,0.19650383293628693,0.19649727642536163,0.0030286938417702913,0.015412899567980918,0.9998812675476074,3.4327081266383175e-06,3.4327151752222562e-06,0.9999979466446882,0.4465982913970947,0.10389699041843414,0.8493553400039673,1,nan
GF1_WFV4_E110.2_N18.4_20200704_L2A0004904642_17920_14848.png,1,classification,1.2948421239852905,1.2948421239852905,0.0,0.11730758100748062,0.11727798730134964,0.0033724738750606775,0.028748984900179787,0.9995867609977722,3.6034605273016496e-06,3.603460754675325e-06,0.9999999369013038,0.4446220397949219,0.11007620394229889,0.8865668177604675,0,0.2957296073436737
GF1_WFV4_E110.2_N18.4_20200704_L2A0004904642_21278_8192.png,0,classification,0.020865678787231445,0.020865678787231445,0.0,0.006169007625430822,0.006170430686324835,0.00033456634264439344,0.05423341369610132,0.9985296130180359,nan,3.413924503092858e-07,nan,0.44703322649002075,0.105909563601017,0.8552526831626892,0,nan
GF1_WFV4_E110.2_N18.4_20200704_L2A0004904642_21504_8192.png,1,classification,0.8122397661209106,0.8122397661209106,0.0,0.039957184344530106,0.03992733359336853,0.002217427594587207,0.05549509133244918,0.9984593391418457,2.389347400821862e-06,2.389346946074511e-06,1.0000001903228628,0.4467218518257141,0.10732515901327133,0.8743537068367004,0,0.45147860050201416
GF1_WFV4_E114.1_N21.0_20190806_L2A0004164437_10752_5632.png,0,classification,0.010997533798217773,0.010997533798217773,0.0,0.0020807853434234858,0.002080715959891677,0.00015582068590447307,0.07488551685398916,0.9971959590911865,nan,1.6207309272431303e-07,nan,0.4478197693824768,0.10376140475273132,0.8503149151802063,0,nan
GF1_WFV4_E114.1_N21.0_20190806_L2A0004164437_10752_8704.png,0,classification,2.3988723754882812,2.3988723754882812,0.0,0.3808479607105255,0.3807070553302765,0.01785765215754509,0.046889189387358476,0.9989004731178284,nan,1.87219338840805e-05,nan,0.4466484785079956,0.09588205069303513,0.8018284440040588,0,nan
GF1_WFV4_E114.1_N21.0_20190806_L2A0004164437_11264_5120.png,0,classification,0.007121562957763672,0.007121562957763672,0.0,0.0008534432272426784,0.0008527199970558286,8.49773787194863e-05,0.09957004286510414,0.9950389862060547,nan,8.759175784689432e-08,nan,0.44698160886764526,0.11398578435182571,0.8849794864654541,0,nan
GF1_WFV4_E114.1_N21.0_20190806_L2A0004164437_1536_7168.png,1,classification,1.3009282350540161,1.3009282350540161,0.0,0.05385570600628853,0.05386336147785187,0.0022370819933712482,0.041538439642960626,0.9991374015808105,2.294038040417945e-06,2.294038040417945e-06,1.0,0.4443609416484833,0.09761698544025421,0.615391731262207,0,0.4672567546367645
GF1_WFV4_E114.1_N21.0_20190806_L2A0004164437_1536_8192.png,0,classification,0.545530378818512,0.545530378818512,0.0,0.16064906120300293,0.16064366698265076,0.005729817785322666,0.035666674566384345,0.9993641376495361,nan,6.140502591733821e-06,nan,0.44432175159454346,0.10337671637535095,0.6161754727363586,0,nan
GF1_WFV4_E114.1_N21.0_20190806_L2A0004164437_4096_5632.png,1,classification,1.0409876108169556,1.0409876108169556,0.0,0.03027382679283619,0.030274372547864914,0.0005649229278787971,0.018660439981524796,0.9998259544372559,5.88647083077376e-07,5.886481631023344e-07,0.9999981652453434,0.44685304164886475,0.08416927605867386,0.6122400760650635,0,0.5587450861930847
GF1_WFV4_E114.1_N21.0_20190806_L2A0004164437_5120_5632.png,0,classification,0.011855363845825195,0.011855363845825195,0.0,0.0019855592399835587,0.0019868467934429646,0.00016649111057631671,0.0838509913094788,0.9964869618415833,nan,1.771656172877556e-07,nan,0.4416281580924988,0.09415782988071442,0.6460651755332947,0,nan
GF1_WFV4_E114.1_N21.0_20190806_L2A0004164437_512_8704.png,1,classification,1.6087368726730347,1.6087368726730347,0.0,0.2392660677433014,0.23930983245372772,0.008075778372585773,0.033752292787500235,0.9994304180145264,8.4454077295959e-06,8.445404091617092e-06,1.0000004307643267,0.4666113555431366,0.1393619179725647,0.5196119546890259,1,nan
GF1_WFV4_E114.1_N21.0_20190806_L2A0004164437_5632_4608.png,1,classification,1.6764824390411377,1.6764824390411377,0.0,0.10549423098564148,0.10547220706939697,0.0027030576020479202,0.025622800192892307,0.9996716380119324,3.2735299555497477e-06,3.2735279091866687e-06,1.0000006251246776,0.4441717565059662,0.08852174133062363,0.6261648535728455,1,nan
GF1_WFV4_E114.1_N21.0_20190806_L2A0004164437_8192_3072.png,0,classification,0.015190601348876953,0.015190601348876953,0.0,0.003206433029845357,0.003202780382707715,0.00019430906104389578,0.060599756562907885,0.9981623888015747,nan,2.1083386059217446e-07,nan,0.43535980582237244,0.13258938491344452,0.9011809825897217,0,nan
GF1_WFV4_E114.1_N21.0_20190806_L2A0004164437_8704_3584.png,0,classification,0.019365549087524414,0.019365549087524414,0.0,0.0058012185618281364,0.005800556391477585,0.0003169022093061358,0.05462683502244578,0.9985077381134033,nan,3.434623181419738e-07,nan,0.4417206048965454,0.08520832657814026,0.7025225758552551,0,nan
GF1_WFV4_E114.1_N21.0_20190806_L2A0004164437_8704_9216.png,1,classification,1.0085381269454956,1.0085381269454956,0.0,0.048543334007263184,0.04853646457195282,0.000884570530615747,0.0182222863078048,0.999833881855011,1.0665896752470871e-06,1.0665912668628152e-06,0.9999985077547721,0.4476188123226166,0.08427494764328003,0.7047132253646851,0,0.5035912394523621
GF1_WFV4_E114.1_N21.0_20190806_L2A0004164437_9728_3072.png,1,classification,2.668576240539551,2.668576240539551,0.0,0.14677532017230988,0.14676769077777863,0.002328797709196806,0.01586641205389889,0.9998739361763,2.576695123934769e-06,2.576685801614076e-06,1.0000036179501153,0.44491931796073914,0.09893437474966049,0.6130802035331726,1,nan
GF1_WFV4_E114.4_N21.8_20190806_L2A0004164425_10240_11264.png,2,classification,1.4936823844909668,1.4936823844909668,0.0,0.12350326031446457,0.12348660081624985,0.003487084526568651,0.028234756861396374,0.9996013641357422,3.795852535404265e-06,3.7958507164148614e-06,1.0000004792046735,0.450446754693985,0.08357825875282288,0.715369462966919,1,0.39876946806907654
GF1_WFV4_E114.4_N21.8_20190806_L2A0004164425_10240_11776.png,0,classification,0.02635335922241211,0.02635335922241211,0.0,0.009211378172039986,0.009211820550262928,0.0005071474588476121,0.055056632066957836,0.9984846115112305,nan,5.116649504088855e-07,nan,0.45026034116744995,0.08987558633089066,0.7674673795700073,0,nan
GF1_WFV4_E114.4_N21.8_20190806_L2A0004164425_11264_5120.png,1,classification,1.232458472251892,1.232458472251892,0.0,0.04359361529350281,0.04358414188027382,0.0016624092822894454,0.038134237573482714,0.9992727637290955,1.7439195971746813e-06,1.7439186876799795e-06,1.0000005215235712,0.4361059069633484,0.11490708589553833,0.6997696161270142,0,0.5615740418434143
GF1_WFV4_E114.4_N21.8_20190806_L2A0004164425_14848_5632.png,0,classification,0.023952960968017578,0.023952960968017578,0.0,0.008038805797696114,0.008035851642489433,0.0005473500350490212,0.06808847592833868,0.9976811408996582,nan,5.655575137097912e-07,nan,0.4459763169288635,0.09334275871515274,0.7836269736289978,0,nan
GF1_WFV4_E114.4_N21.8_20190806_L2A0004164425_15360_3072.png,1,classification,1.4305633306503296,1.4305633306503296,0.0,0.09009531885385513,0.09008654952049255,0.0019143635872751474,0.021248202588421528,0.9997743368148804,1.9773940493905684e-06,1.9773972326220246e-06,0.9999983901912051,0.4418709874153137,0.10930328071117401,0.6523985862731934,1,nan
GF1_WFV4_E114.4_N21.8_20190806_L2A0004164425_15872_3072.png,2,classification,1.0037543773651123,1.0037543773651123,0.0,0.020281828939914703,0.020279306918382645,0.0005141875008121133,0.025352126888329614,0.9996786117553711,5.375106866267743e-07,5.375100045057479e-07,1.0000012690387539,0.4507480263710022,0.10881960391998291,0.5992813110351562,0,0.5078039765357971
GF1_WFV4_E114.4_N21.8_20190806_L2A0004164425_15872_5120.png,1,classification,0.8560774922370911,0.8560774922370911,0.0,0.04945426806807518,0.0494193397462368,0.0023605870082974434,0.04773272561729211,0.9988601803779602,2.4356015728699276e-06,2.4356008907489013e-06,1.0000002800627266,0.431879460811615,0.10610254108905792,0.8293355107307434,0,0.352844774723053
GF1_WFV4_E114.4_N21.8_20190806_L2A0004164425_16045_3072.png,1,classification,1.5589730739593506,1.5589730739593506,0.0,0.07224767655134201,0.07218147069215775,0.004423320759087801,0.06122440153413677,0.9981245398521423,4.607372829923406e-06,4.607377377396915e-06,0.9999990130017282,0.4552103877067566,0.11400000005960464,0.5650766491889954,0,0.7037162780761719
GF1_WFV4_E114.4_N21.8_20190806_L2A0004164425_16045_4096.png,1,classification,0.8665087223052979,0.8665087223052979,0.0,0.019453054293990135,0.01945279911160469,0.0007451865822076797,0.03830691936319219,0.9992662668228149,7.369684453806258e-07,7.369677632595995e-07,1.0000009255778344,0.44591522216796875,0.12047550827264786,0.6087432503700256,0,0.6359173655509949
GF1_WFV4_E114.4_N21.8_20190806_L2A0004164425_16557_5120.png,0,classification,1.9294499158859253,1.9294499158859253,0.0,0.33695581555366516,0.33684003353118896,0.01778673753142357,0.0527865574962625,0.9986063241958618,nan,1.845500446506776e-05,nan,0.4545535445213318,0.08006379753351212,0.6865668892860413,0,nan
GF1_WFV4_E114.4_N21.8_20190806_L2A0004164425_2048_12288.png,1,classification,1.2637275457382202,1.2637275457382202,0.0,0.07157610356807709,0.07155758887529373,0.0016019238391891122,0.022380707517355967,0.999749481678009,1.8558115471023484e-06,1.8558114334155107e-06,1.000000061259908,0.44565433263778687,0.08620390295982361,0.6432381272315979,0,0.00939089059829712
GF1_WFV4_E114.4_N21.8_20190806_L2A0004164425_2560_11776.png,1,classification,0.9867731928825378,0.9867731928825378,0.0,0.04836563766002655,0.048348329961299896,0.0013233177596703172,0.027360701185668825,0.9996256828308105,1.576643853695714e-06,1.5766437400088762e-06,1.0000000721068654,0.44579368829727173,0.09100431203842163,0.6142029166221619,0,0.5637598037719727
GF1_WFV4_E114.4_N21.8_20190806_L2A0004164425_4608_9728.png,1,classification,0.9951441287994385,0.9951441287994385,0.0,0.088567815721035,0.08854406327009201,0.003998768515884876,0.0451492281178067,0.9989806413650513,4.2207784645142965e-06,4.2207743717881385e-06,1.0000009696623884,0.4435921907424927,0.08784174919128418,0.6392136812210083,0,0.29198089241981506
GF1_WFV4_E114.4_N21.8_20190806_L2A0004164425_5120_10752.png,0,classification,0.013646602630615234,0.013646602630615234,0.0,0.0023593802470713854,0.0023552519269287586,0.0001665067538851872,0.07057224205037153,0.9975069165229797,nan,1.802554265850631e-07,nan,0.4336017966270447,0.147970512509346,0.9884504079818726,0,nan
GF1_WFV4_E114.4_N21.8_20190806_L2A0004164425_5632_11264.png,0,classification,2.5068845748901367,2.5068845748901367,0.0,0.34732306003570557,0.3470430374145508,0.01939406804740429,0.055838699697654794,0.9984400272369385,nan,2.1092859242344275e-05,nan,0.4350271224975586,0.12325321137905121,0.8108781576156616,0,nan
GF1_WFV4_E114.4_N21.8_20190806_L2A0004164425_8704_9216.png,1,classification,0.8866581916809082,0.8866581916809082,0.0,0.0364362932741642,0.03643078729510307,0.001896554953418672,0.052051259417309,0.9986451864242554,1.9279393654869637e-06,1.927940502355341e-06,0.9999994103197812,0.44192856550216675,0.08962102979421616,0.7418732643127441,0,0.476828008890152
GF1_WFV4_E114.4_N21.8_20190806_L2A0004164425_9216_5632.png,1,classification,1.0453215837478638,1.0453215837478638,0.0,0.10068466514348984,0.10065793991088867,0.0031446004286408424,0.031232168515030006,0.9995120763778687,3.3518358577566687e-06,3.351834948261967e-06,1.000000271342329,0.436754047870636,0.09117729216814041,0.7016080021858215,1,nan
GF1_WFV4_E114.4_N21.8_20190806_L2A0004164425_9728_10240.png,0,classification,0.12166845798492432,0.12166845798492432,0.0,0.06840545684099197,0.06839345395565033,0.003331467742100358,0.04870178339491735,0.9988139867782593,nan,3.3405463000235613e-06,nan,0.4423946738243103,0.11796177178621292,0.896077573299408,0,nan
GF1_WFV4_E114.5_N11.7_20200703_L2A0004902460_13312_4608.png,1,classification,1.9322353601455688,1.9322353601455688,0.0,0.21261188387870789,0.21260957419872284,0.00701565807685256,0.03299748795253089,0.9994556307792664,7.468882358807605e-06,7.46888508729171e-06,0.9999996346865598,0.44064927101135254,0.11332833021879196,0.9261765480041504,1,nan
GF1_WFV4_E114.5_N11.7_20200703_L2A0004902460_7680_7168.png,1,classification,1.1524224281311035,1.1524224281311035,0.0,0.12819314002990723,0.12816855311393738,0.00529868621379137,0.04133361748183403,0.9991456270217896,5.685858923243359e-06,5.685846190317534e-06,1.0000022394073633,0.4464097023010254,0.11178506910800934,0.8474661111831665,1,nan
GF1_WFV4_E124.0_N33.5_20131122_L1A0000115971_0_6144.png,1,classification,0.9924046397209167,0.9924046397209167,0.0,0.0480242520570755,0.04801957681775093,0.0005702697089873254,0.011874619271729118,0.9999294877052307,5.679156629412319e-07,5.679150376636244e-07,1.0000011010055483,0.459700345993042,0.09543759375810623,0.4673784077167511,0,0.3889278173446655
GF1_WFV4_E124.0_N33.5_20131122_L1A0000115971_1024_2048.png,0,classification,0.04022026062011719,0.04022026062011719,0.0,0.013023776933550835,0.013029645197093487,0.0006492426036857069,0.04985056232137844,0.9987581968307495,nan,6.475349323409318e-07,nan,0.4669613242149353,0.10398868471384048,0.44968801736831665,0,nan
GF1_WFV4_E124.0_N33.5_20131122_L1A0000115971_10976_512.png,4,classification,1.0273218154907227,1.0273218154907227,0.0,0.021468957886099815,0.021446745842695236,0.001199715887196362,0.05588142161167143,0.9984375238418579,1.425973096047528e-06,1.4259734371080413e-06,0.9999997608226743,0.4642784595489502,0.08786065876483917,0.5852146744728088,0,0.45946069061756134
GF1_WFV4_E124.0_N33.5_20131122_L1A0000115971_3584_11776.png,3,classification,0.9794501066207886,0.9794501066207886,0.0,0.06721632927656174,0.06719288229942322,0.002291015349328518,0.03408420801888973,0.9994189739227295,2.4680978185642743e-06,2.468096681695897e-06,1.0000004606255442,0.4561176300048828,0.0762835368514061,0.5494176745414734,1,0.39545105397701263
GF1_WFV4_E124.0_N33.5_20131122_L1A0000115971_3584_12288.png,4,classification,1.3690276145935059,1.3690276145935059,0.0,0.08157579600811005,0.08157511055469513,0.0017736746231094003,0.021742657870394134,0.9997636079788208,1.8390467175777303e-06,1.8390464902040549e-06,1.0000001236367198,0.457230806350708,0.06874985247850418,0.4981902241706848,1,0.3843061029911041
GF1_WFV4_E124.0_N33.5_20131122_L1A0000115971_4096_11264.png,2,classification,1.6898607015609741,1.6898607015609741,0.0,0.07347310334444046,0.07344155758619308,0.004848815035074949,0.06599442264394087,0.9978215098381042,4.963454557582736e-06,4.963455467077438e-06,0.9999998167617887,0.4557913839817047,0.07201152294874191,0.5016964673995972,0,0.3381860703229904
GF1_WFV4_E124.0_N33.5_20131122_L1A0000115971_512_2560.png,1,classification,1.329453706741333,1.329453706741333,0.0,0.05053851753473282,0.050541870296001434,0.0008945556473918259,0.017700472649935538,0.9998433589935303,9.78368689175113e-07,9.783685754882754e-07,1.0000001162004184,0.4668365716934204,0.10701575875282288,0.44892385601997375,0,0.011421676725149155
GF1_WFV4_E124.0_N33.5_20131122_L1A0000115971_512_6656.png,1,classification,0.9812663793563843,0.9812663793563843,0.0,0.05094340071082115,0.05092533305287361,0.0011852935422211885,0.02326687118807548,0.9997292757034302,1.3507140010915464e-06,1.3507146832125727e-06,0.9999994949925141,0.4596179127693176,0.09825596958398819,0.4684455394744873,0,0.4442911446094513
GF1_WFV4_E124.0_N33.5_20131122_L1A0000115971_5632_11264.png,0,classification,0.13446354866027832,0.13446354866027832,0.0,0.0357673354446888,0.03578513488173485,0.0033832103945314884,0.09458938868296021,0.9955288171768188,nan,3.433597839830327e-06,nan,0.45668670535087585,0.07828805595636368,0.5213283896446228,0,nan
GF1_WFV4_E124.0_N33.5_20131122_L1A0000115971_5632_1536.png,1,classification,1.147249698638916,1.147249698638916,0.0,0.040450215339660645,0.04044557735323906,0.001120578614063561,0.027702661275201063,0.9996163249015808,1.2628142940229736e-06,1.2628156582650263e-06,0.9999989196823434,0.47107985615730286,0.09483933448791504,0.4825951159000397,0,0.3574656546115875
GF1_WFV4_E124.0_N33.5_20131122_L1A0000115971_6144_11264.png,1,classification,0.8606126308441162,0.8606126308441162,0.0,0.031223637983202934,0.031220218166708946,0.0003168708353769034,0.010148427788823558,0.9999485015869141,3.740676959296252e-07,3.7406840647236095e-07,0.9999981005005409,0.45741885900497437,0.07338575273752213,0.5277442932128906,0,0.4622620642185211
GF1_WFV4_E124.0_N33.5_20131122_L1A0000115971_6144_11776.png,1,classification,1.4248548746109009,1.4248548746109009,0.0,0.06713182479143143,0.06712052971124649,0.0016013795975595713,0.02385425396277874,0.9997153282165527,1.7294415783908335e-06,1.729436462483136e-06,1.000002958135675,0.45444539189338684,0.07227127999067307,0.5780207514762878,1,nan
GF1_WFV4_E124.0_N33.5_20131122_L1A0000115971_7680_5120.png,1,classification,1.061953067779541,1.061953067779541,0.0,0.030544191598892212,0.03054380789399147,0.0004229864862281829,0.01384834445065241,0.999904215335846,4.547901255591569e-07,4.5478984134206257e-07,1.000000624941607,0.46528613567352295,0.09233111888170242,0.5225284099578857,0,0.4713691473007202
GF1_WFV4_E124.0_N33.5_20131122_L1A0000115971_8704_1536.png,1,classification,0.9244213700294495,0.9244213700294495,0.0,0.023546991869807243,0.02354581654071808,0.0003885306359734386,0.01650022381294597,0.9998637437820435,4.09793187827745e-07,4.097939552138996e-07,0.999998127385373,0.4667874574661255,0.09054084867238998,0.6169037818908691,0,0.007870545610785484
GF1_WFV4_E124.0_N33.5_20131122_L1A0000115971_9216_12288.png,0,classification,0.23746037483215332,0.23746037483215332,0.0,0.10312400013208389,0.10311317443847656,0.004701694939285517,0.04559263540265568,0.9989607334136963,nan,4.991925379727036e-06,nan,0.45350587368011475,0.07458894699811935,0.6025652885437012,0,nan
GF1_WFV4_E124.0_N33.5_20131122_L1A0000115971_9216_3072.png,0,classification,0.07142829895019531,0.07142829895019531,0.0,0.027320588007569313,0.02732394076883793,0.001162478351034224,0.04254953629519809,0.9990949034690857,nan,1.1195663773833076e-06,nan,0.46649035811424255,0.08992091566324234,0.5688706040382385,0,nan
GF1_WFV4_E124.0_N33.5_20131122_L1A0000115971_9952_12288.png,1,classification,1.0030276775360107,1.0030276775360107,0.0,0.05120750889182091,0.05119761452078819,0.0015956797869876027,0.031161050820858655,0.9995143413543701,1.682023366811336e-06,1.6820230257508229e-06,1.0000002027680406,0.4504528045654297,0.07625415176153183,0.6450771689414978,0,0.3510274887084961
GF1_WFV4_E124.0_N35.2_20200407_L1A0004724410_0_1024.png,0,classification,0.03827691078186035,0.03827691078186035,0.0,0.010163821280002594,0.010169295594096184,0.0005687737138941884,0.05596061739232424,0.9984350800514221,nan,5.987706117593916e-07,nan,0.4588075280189514,0.10674924403429031,0.4786464273929596,0,nan
GF1_WFV4_E124.0_N35.2_20200407_L1A0004724410_0_10240.png,1,classification,0.9148514866828918,0.9148514866828918,0.0,0.040022291243076324,0.04001409187912941,0.0006486368365585804,0.016206889121341637,0.999868631362915,7.285329388651007e-07,7.28533223082195e-07,0.9999996098776482,0.45624682307243347,0.09250304847955704,0.49233442544937134,0,0.43423187732696533
GF1_WFV4_E124.0_N35.2_20200407_L1A0004724410_1024_1024.png,1,classification,0.7856071591377258,0.7856071591377258,0.0,0.02602185681462288,0.026021834462881088,0.00020684083574451506,0.0079487346816958,0.9999684691429138,2.345499865441525e-07,2.3454973074876762e-07,1.0000010905805947,0.4583824872970581,0.10302580893039703,0.4832448661327362,0,0.5512012243270874
GF1_WFV4_E124.0_N35.2_20200407_L1A0004724410_1024_10240.png,0,classification,0.23083209991455078,0.23083209991455078,0.0,0.08661144971847534,0.08654037863016129,0.006761847995221615,0.07807106355107257,0.9969502687454224,nan,7.039771844574716e-06,nan,0.45331209897994995,0.08761948347091675,0.5292275547981262,0,nan
GF1_WFV4_E124.0_N35.2_20200407_L1A0004724410_1024_5120.png,0,classification,0.1373131275177002,0.1373131275177002,0.0,0.050627585500478745,0.05060528963804245,0.003991648089140654,0.07884334300522602,0.9968905448913574,nan,4.167493898421526e-06,nan,0.4531640112400055,0.08908580243587494,0.5210954546928406,0,nan
GF1_WFV4_E124.0_N35.2_20200407_L1A0004724410_1024_7168.png,0,classification,0.14734911918640137,0.14734911918640137,0.0,0.05751943960785866,0.05752015486359596,0.003388343844562769,0.05890780347762346,0.9982649683952332,nan,3.52110532730876e-06,nan,0.4488205015659332,0.09970579296350479,0.5763357877731323,0,nan
GF1_WFV4_E124.0_N35.2_20200407_L1A0004724410_11488_10240.png,1,classification,1.6528528928756714,1.6528528928756714,0.0,0.08014500141143799,0.08013804256916046,0.0017045859713107347,0.0212687746121552,0.9997738003730774,1.8909829577751225e-06,1.8909871641881182e-06,0.9999977755465106,0.45405691862106323,0.07822465151548386,0.5195711851119995,1,nan
GF1_WFV4_E124.0_N35.2_20200407_L1A0004724410_1536_12288.png,3,classification,0.8736857175827026,0.8736857175827026,0.0,0.018439119681715965,0.01843748614192009,0.00023123442952055484,0.01254042674010324,0.9999213814735413,2.55318013842043e-07,2.553182696374279e-07,0.9999989981312922,0.4552161991596222,0.0823792815208435,0.502593994140625,0,0.4631715416908264
GF1_WFV4_E124.0_N35.2_20200407_L1A0004724410_2048_3072.png,1,classification,1.1313413381576538,1.1313413381576538,0.0,0.06169908121228218,0.061701126396656036,0.001526938402093947,0.024748154625517917,0.9996938109397888,1.6152830539795104e-06,1.6152816897374578e-06,1.000000844584608,0.45496195554733276,0.09082191437482834,0.4997048079967499,0,0.30756452679634094
GF1_WFV4_E124.0_N35.2_20200407_L1A0004724410_2048_4608.png,1,classification,0.9351790547370911,0.9351790547370911,0.0,0.030065201222896576,0.030066488310694695,0.00040014617843553424,0.01330927990366475,0.9999114871025085,4.20623052832525e-07,4.206226833503024e-07,1.0000008784172543,0.45579665899276733,0.09927239269018173,0.49914178252220154,0,0.4632391035556793
GF1_WFV4_E124.0_N35.2_20200407_L1A0004724410_2048_5632.png,1,classification,1.5680747032165527,1.5680747032165527,0.0,0.09249339997768402,0.09247671067714691,0.0015456320252269506,0.016710727744897114,0.999860405921936,1.7672467720331042e-06,1.7672426793069462e-06,1.0000023158823663,0.4530588388442993,0.09984780102968216,0.530915379524231,0,0.390378475189209
GF1_WFV4_E124.0_N35.2_20200407_L1A0004724410_2560_2560.png,0,classification,0.024744033813476562,0.024744033813476562,0.0,0.0024648283142596483,0.0024740570224821568,0.0003306342987343669,0.1341409041845084,0.9910436868667603,nan,3.5112043406115845e-07,nan,0.4562194049358368,0.10466833412647247,0.49584290385246277,0,nan
GF1_WFV4_E124.0_N35.2_20200407_L1A0004724410_3072_4608.png,1,classification,0.8245548605918884,0.8245548605918884,0.0,0.02885541133582592,0.028844233602285385,0.0005919537506997585,0.020514479721341156,0.9997895956039429,6.602873554584221e-07,6.602859912163694e-07,1.0000020661381142,0.45435935258865356,0.07400983572006226,0.5077744126319885,0,0.40951642394065857
GF1_WFV4_E124.0_N35.2_20200407_L1A0004724410_3584_5120.png,0,classification,0.10463142395019531,0.10463142395019531,0.0,0.0391690768301487,0.03917789086699486,0.0018640280468389392,0.04758927699322708,0.9988678693771362,nan,1.9048494550588657e-06,nan,0.4537976384162903,0.08819052577018738,0.518683135509491,0,nan
GF1_WFV4_E124.0_N35.2_20200407_L1A0004724410_4608_0.png,0,classification,0.027997255325317383,0.027997255325317383,0.0,0.003070508362725377,0.0030837489757686853,0.00039410879253409803,0.1283529454986691,0.9918073415756226,nan,4.164628251146496e-07,nan,0.4570968449115753,0.1019330844283104,0.4743497967720032,0,nan
GF1_WFV4_E124.0_N35.2_20200407_L1A0004724410_5120_5632.png,0,classification,0.024152755737304688,0.024152755737304688,0.0,0.004837088752537966,0.004841337911784649,0.000369431683793664,0.07637479953201755,0.9970862865447998,nan,3.682015403683181e-07,nan,0.44982069730758667,0.10088159888982773,0.6109428405761719,0,nan
GF1_WFV4_E124.0_N35.2_20200407_L1A0004724410_512_12288.png,3,classification,1.0616158246994019,1.0616158246994019,0.0,0.029975198209285736,0.029973432421684265,0.00025043083587661386,0.008354601498482677,0.9999650716781616,2.5806798475969117e-07,2.5806798475969117e-07,1.0,0.454279363155365,0.08159983158111572,0.5095696449279785,0,0.27406781911849976
GF1_WFV4_E124.0_N35.2_20200407_L1A0004724410_512_9728.png,0,classification,0.023827075958251953,0.023827075958251953,0.0,0.002383115002885461,0.0023918473161756992,0.0003135280858259648,0.13156229785232645,0.991383969783783,nan,3.335537712700898e-07,nan,0.45680320262908936,0.10224119573831558,0.48974958062171936,0,nan
GF1_WFV4_E124.0_N35.2_20200407_L1A0004724410_5632_0.png,1,classification,1.0878162384033203,1.0878162384033203,0.0,0.03060304932296276,0.030602823942899704,0.00025217232177965343,0.008240104413073565,0.999966025352478,2.849084239642252e-07,2.8490731551755744e-07,1.000003890551795,0.45728516578674316,0.09810242801904678,0.47269734740257263,0,0.010942074470221996
GF1_WFV4_E124.0_N35.2_20200407_L1A0004724410_6144_9216.png,2,classification,0.8838579654693604,0.8838579654693604,0.0,0.02223101444542408,0.022229639813303947,0.00015900624566711485,0.007152451187392571,0.9999743700027466,1.9226354197598994e-07,1.922637977713748e-07,0.9999986695603237,0.45725908875465393,0.09204842895269394,0.4899194538593292,0,0.4676941931247711
GF1_WFV4_E124.0_N35.2_20200407_L1A0004724410_6656_12800.png,0,classification,0.17152297496795654,0.17152297496795654,0.0,0.081724613904953,0.08172165602445602,0.003152289893478155,0.03857209894126043,0.9992560148239136,nan,3.404844846954802e-06,nan,0.45865482091903687,0.10654829442501068,0.4839073121547699,0,nan
GF1_WFV4_E124.0_N35.2_20200407_L1A0004724410_7168_12800.png,1,classification,1.395585536956787,1.395585536956787,0.0,0.08400795608758926,0.08400629460811615,0.0009984682546928525,0.01188540111191158,0.9999294281005859,1.1818613074865425e-06,1.1818593748103012e-06,1.000001635284436,0.45797622203826904,0.09974706172943115,0.4981388747692108,0,0.015793409198522568
GF1_WFV4_E124.0_N35.2_20200407_L1A0004724410_7168_9728.png,0,classification,0.023052215576171875,0.023052215576171875,0.0,0.0022948854602873325,0.0023024834226816893,0.0002990808861795813,0.13032497323074882,0.9915412068367004,nan,3.175167080371466e-07,nan,0.4588268995285034,0.10642234236001968,0.47572922706604004,0,nan
GF1_WFV4_E124.0_N35.2_20200407_L1A0004724410_7680_9728.png,1,classification,1.1246922016143799,1.1246922016143799,0.0,0.03907385095953941,0.03906909376382828,0.0006605749949812889,0.01690580730487271,0.9998570680618286,7.794250791448576e-07,7.794246812409256e-07,1.0000005105097922,0.4569268226623535,0.10013891011476517,0.4948303997516632,0,0.5334610342979431
GF1_WFV4_E124.0_N35.2_20200407_L1A0004724410_8192_1536.png,0,classification,0.02425098419189453,0.02425098419189453,0.0,0.0023161638528108597,0.0023271841928362846,0.00031935074366629124,0.1378791674340018,0.9905509948730469,nan,3.395916507997754e-07,nan,0.45847952365875244,0.10088901221752167,0.4714854955673218,0,nan
GF1_WFV4_E124.0_N35.2_20200407_L1A0004724410_8192_7680.png,0,classification,0.024112224578857422,0.024112224578857422,0.0,0.0023032736498862505,0.0023125275038182735,0.00031595429754815996,0.13717618727751418,0.9906371235847473,nan,3.353972033437458e-07,nan,0.45835378766059875,0.10549064725637436,0.4772169888019562,0,nan
GF1_WFV4_E124.0_N35.2_20200407_L1A0004724410_8704_1536.png,0,classification,0.02357769012451172,0.02357769012451172,0.0,0.0022156150080263615,0.002226278418675065,0.0003096721484325826,0.1397680315897635,0.9902907609939575,nan,3.299124387012853e-07,nan,0.4578891396522522,0.10029934346675873,0.4770629107952118,0,nan
GF1_WFV4_E124.0_N35.2_20200407_L1A0004724410_9216_9216.png,1,classification,1.9158269166946411,1.9158269166946411,0.0,0.16941817104816437,0.16939856112003326,0.003845861181616783,0.022700405498554416,0.9997422695159912,4.383588475320721e-06,4.383588475320721e-06,1.0,0.45751357078552246,0.10429181158542633,0.48925238847732544,0,0.0010250166524201632
GF1_WFV4_E124.0_N35.2_20200407_L1A0004724410_9728_11264.png,2,classification,0.7748867869377136,0.7748867869377136,0.0,0.016999779269099236,0.01700025051832199,0.00025285230367444456,0.014873858046737003,0.9998893141746521,2.7571559257921763e-07,2.7571590521802136e-07,0.999998866083538,0.45340496301651,0.09319685399532318,0.5235828161239624,0,0.5015482008457184
GF1_WFV4_E124.0_N36.8_20191202_L1A0004438746_2048_5632.png,0,classification,0.027879714965820312,0.027879714965820312,0.0,0.008384838700294495,0.00837842095643282,0.0005121374852024019,0.06107899072458179,0.9981335401535034,nan,5.589781153503282e-07,nan,0.44179657101631165,0.12459459900856018,0.949716329574585,0,nan
GF1_WFV4_E124.0_N36.8_20191202_L1A0004438746_2560_5632.png,0,classification,0.08875894546508789,0.08875894546508789,0.0,0.03681377321481705,0.03681659698486328,0.0015969731612131,0.04337977397465848,0.99905925989151,nan,1.6443071899630013e-06,nan,0.43991413712501526,0.11847785115242004,0.934884250164032,0,nan
GF1_WFV4_E124.0_N36.8_20191202_L1A0004438746_2560_6144.png,0,classification,0.010536432266235352,0.010536432266235352,0.0,0.001869922038167715,0.0018701876979321241,0.00014359205670189112,0.07679039755186426,0.9970519542694092,nan,1.5572196332414023e-07,nan,0.4384578764438629,0.12839160859584808,0.9596570730209351,0,nan
GF1_WFV4_E124.0_N36.8_20191202_L1A0004438746_4608_7680.png,1,classification,3.475236654281616,3.475236654281616,0.0,0.37662696838378906,0.3765428066253662,0.010564528405666351,0.02805037687821899,0.9996063113212585,1.1292821909592021e-05,1.129282645706553e-05,0.9999995973130795,0.4465543031692505,0.15489934384822845,1.0366055965423584,1,nan
GF1_WFV4_E124.1_N30.1_20190629_L2A0004085462_12288_8704.png,1,classification,1.0110751390457153,1.0110751390457153,0.0,0.03231043368577957,0.032308101654052734,0.0003509294765535742,0.010861181250811402,0.9999411106109619,3.9095914416975575e-07,3.909582630967634e-07,1.000002253624173,0.43727752566337585,0.08757153153419495,0.7423980832099915,0,0.4224557876586914
GF1_WFV4_E124.1_N30.1_20190629_L2A0004085462_17408_10240.png,0,classification,0.12675714492797852,0.12675714492797852,0.0,0.052750490605831146,0.052748341113328934,0.002043068176135421,0.03873079003950678,0.9992499351501465,nan,1.987582436413504e-06,nan,0.446516215801239,0.0834607258439064,0.6623297333717346,0,nan
GF1_WFV4_E124.1_N33.5_20200812_L1A0004986999_1536_2560.png,0,classification,0.012197017669677734,0.012197017669677734,0.0,0.004505650606006384,0.004505033139139414,0.00021431376808322966,0.04756555419488868,0.9988687634468079,nan,2.192075783113978e-07,nan,0.4262959957122803,0.12649549543857574,0.8122177720069885,0,nan
GF1_WFV4_E124.1_N33.5_20200812_L1A0004986999_1536_4096.png,0,classification,0.1316540241241455,0.1316540241241455,0.0,0.07210347801446915,0.07208770513534546,0.0032780093606561422,0.04546256922583315,0.99896639585495,nan,3.5336502151039895e-06,nan,0.4315401315689087,0.10081692785024643,0.7808548212051392,0,nan
GF1_WFV4_E124.1_N33.5_20200812_L1A0004986999_2048_11264.png,1,classification,0.8385892510414124,0.8385892510414124,0.0,0.022653255611658096,0.02265506237745285,0.0006878185085952282,0.030362898842727692,0.9995391368865967,7.595891702294466e-07,7.595897386636352e-07,0.9999992516563091,0.42934584617614746,0.10184045881032944,0.7711381912231445,0,0.5400219559669495
GF1_WFV4_E124.1_N33.5_20200812_L1A0004986999_4096_8192.png,1,classification,1.32961106300354,1.32961106300354,0.0,0.05419319495558739,0.054163821041584015,0.0012979276943951845,0.023950012459292486,0.9997132420539856,1.4969336916692555e-06,1.4969341464166064e-06,0.9999996962141908,0.4317627549171448,0.09774301201105118,0.7638692259788513,0,0.5052374005317688
GF1_WFV4_E124.1_N33.5_20200812_L1A0004986999_4608_4608.png,1,classification,1.3766862154006958,1.3766862154006958,0.0,0.16152317821979523,0.1614576131105423,0.007276380434632301,0.045048521920060605,0.9989850521087646,7.886656021582894e-06,7.886657840572298e-06,0.999999769358651,0.4323412775993347,0.1201070100069046,0.7334807515144348,1,nan
GF1_WFV4_E124.1_N33.5_20200812_L1A0004986999_5120_8704.png,1,classification,0.8927491307258606,0.8927491307258606,0.0,0.023081623017787933,0.0230787992477417,0.00044165729195810854,0.01913458562327891,0.99981689453125,5.162917773304798e-07,5.162918910173175e-07,0.9999997798012332,0.43821659684181213,0.1058773621916771,0.7008517384529114,0,0.6026000380516052
GF1_WFV4_E124.1_N35.2_20191206_L1A0004447282_0_11776.png,1,classification,2.278489589691162,2.278489589691162,0.0,0.1266099065542221,0.1265745460987091,0.0036526122130453587,0.028849339774854717,0.9995838403701782,4.267687018000288e-06,4.267689291737042e-06,0.9999994672206436,0.4515369236469269,0.10822638124227524,0.9131355881690979,1,nan
GF1_WFV4_E124.1_N35.2_20191206_L1A0004447282_512_11776.png,0,classification,0.055091261863708496,0.055091261863708496,0.0,0.02890314906835556,0.028905238956212997,0.0009578181197866797,0.03313888453889411,0.9994509816169739,nan,9.86062218544248e-07,nan,0.43858766555786133,0.14031174778938293,0.9965224862098694,0,nan
GF1_WFV4_E124.3_N33.5_20200926_L1A0005089385_0_5632.png,0,classification,0.09269404411315918,0.09269404411315918,0.0,0.026082687079906464,0.02608136460185051,0.0019367353525012732,0.07425367434604896,0.9972430467605591,nan,2.0003710687888088e-06,nan,0.4542781710624695,0.09680753201246262,0.5360748767852783,0,nan
GF1_WFV4_E124.3_N33.5_20200926_L1A0005089385_0_6144.png,0,classification,0.10050821304321289,0.10050821304321289,0.0,0.040125131607055664,0.04013052210211754,0.0021982809994369745,0.05478563960773217,0.9984993934631348,nan,2.166074636988924e-06,nan,0.4543594717979431,0.10011707991361618,0.5346640348434448,0,nan
GF1_WFV4_E124.3_N33.5_20200926_L1A0005089385_0_6656.png,1,classification,0.8461039066314697,0.8461039066314697,0.0,0.041765011847019196,0.041756629943847656,0.0008575757383368909,0.02053335316839128,0.9997892379760742,9.944327530320152e-07,9.944341172740678e-07,0.9999986281222366,0.45748040080070496,0.08471433073282242,0.6526881456375122,0,0.47079169750213623
GF1_WFV4_E124.3_N33.5_20200926_L1A0005089385_10464_2048.png,0,classification,0.015245437622070312,0.015245437622070312,0.0,0.004294134676456451,0.00429490115493536,0.0002492103958502412,0.05803506751117812,0.9983162879943848,nan,2.710120270421612e-07,nan,0.443889319896698,0.11456478387117386,0.8818474411964417,0,nan
GF1_WFV4_E124.3_N33.5_20200926_L1A0005089385_2048_8192.png,0,classification,0.0260775089263916,0.0260775089263916,0.0,0.00741496542468667,0.007410835940390825,0.000426897982833907,0.05757248461505081,0.998341977596283,nan,4.6944975906626496e-07,nan,0.4422578811645508,0.15863020718097687,1.0730007886886597,0,nan
GF1_WFV4_E124.3_N33.5_20200926_L1A0005089385_512_5632.png,0,classification,0.041747331619262695,0.041747331619262695,0.0,0.010944482870399952,0.010947379283607006,0.0007787533104419708,0.07115487498711871,0.9974691867828369,nan,8.114753882182413e-07,nan,0.4541885256767273,0.09592602401971817,0.5339578986167908,0,nan
GF1_WFV4_E124.3_N33.5_20200926_L1A0005089385_6144_0.png,1,classification,1.0412771701812744,1.0412771701812744,0.0,0.07706119865179062,0.07700730860233307,0.003565280931070447,0.04626557844214902,0.9989292621612549,3.830206424026983e-06,3.8302077882690355e-06,0.9999996438203543,0.45438748598098755,0.08624902367591858,0.6199648976325989,0,0.3610976040363312
GF1_WFV4_E124.3_N33.5_20200926_L1A0005089385_8704_2560.png,0,classification,0.04257559776306152,0.04257559776306152,0.0,0.013954325579106808,0.013960584998130798,0.0007717425469309092,0.05530489757859778,0.9984714388847351,nan,7.560347512480803e-07,nan,0.46049222350120544,0.08231040090322495,0.5767384767532349,0,nan
GF1_WFV4_E124.3_N33.5_20200926_L1A0005089385_9728_11264.png,1,classification,1.1793816089630127,1.1793816089630127,0.0,0.0652814731001854,0.06526210159063339,0.0014602076262235641,0.022367871876644543,0.9997498989105225,1.7259053493035026e-06,1.725905576677178e-06,0.9999998682583343,0.44725537300109863,0.08078686147928238,0.6621610522270203,0,0.03214704990386963
GF1_WFV4_E124.5_N35.2_20200922_L1A0005079948_10464_2048.png,1,classification,1.9884343147277832,1.9884343147277832,0.0,0.12352874875068665,0.12351866811513901,0.002861169632524252,0.023161973722399157,0.9997316598892212,2.982307705678977e-06,2.9823022487107664e-06,1.000001829783756,0.45707350969314575,0.10253284871578217,0.5093885660171509,1,nan
GF1_WFV4_E124.5_N35.2_20200922_L1A0005079948_11488_3072.png,1,classification,0.8851033449172974,0.8851033449172974,0.0,0.04241286963224411,0.04240545257925987,0.0009503048495389521,0.022406049337828558,0.9997490644454956,1.0822121794262785e-06,1.082207859326445e-06,1.0000039919316759,0.4579806327819824,0.05813382565975189,0.5364174246788025,0,0.3684895932674408
GF1_WFV4_E124.5_N35.2_20200922_L1A0005079948_1536_10240.png,2,classification,1.0194973945617676,1.0194973945617676,0.0,0.03429455682635307,0.03428630903363228,0.0012015752727165818,0.035036909174847586,0.9993862509727478,1.3121189113007858e-06,1.3121182291797595e-06,1.0000005198624722,0.4566637873649597,0.08431386947631836,0.7079741358757019,1,0.5599612593650818
GF1_WFV4_E124.5_N35.2_20200922_L1A0005079948_1536_10752.png,0,classification,0.016980886459350586,0.016980886459350586,0.0,0.003358999267220497,0.003359550377354026,0.00024377628869842738,0.07257408213135672,0.9973669052124023,nan,2.4550047328375513e-07,nan,0.45883139967918396,0.09400272369384766,0.6343111991882324,0,nan
GF1_WFV4_E124.5_N35.2_20200922_L1A0005079948_2048_11776.png,1,classification,0.7928536534309387,0.7928536534309387,0.0,0.032985229045152664,0.032975584268569946,0.0009463723399676383,0.028690791829038765,0.9995883703231812,1.0522844604565762e-06,1.052284915203927e-06,0.9999995678476957,0.4468238949775696,0.12321177124977112,0.9416038393974304,0,0.5737299919128418
GF1_WFV4_E124.5_N35.2_20200922_L1A0005079948_2048_4608.png,1,classification,1.1976649761199951,1.1976649761199951,0.0,0.04857981577515602,0.04857495427131653,0.000659439479932189,0.01357435118700944,0.9999078512191772,7.153713568186504e-07,7.153701631068543e-07,1.0000016686631028,0.4591842293739319,0.08347349613904953,0.6485990285873413,0,0.5063180327415466
GF1_WFV4_E124.5_N35.2_20200922_L1A0005079948_2560_11776.png,1,classification,0.7715552449226379,0.7715552449226379,0.0,0.03313920274376869,0.03314587101340294,0.001044944510795176,0.03153197495047347,0.9995028972625732,1.1205821692783502e-06,1.1205827377125388e-06,0.999999492733406,0.4561751186847687,0.08649545907974243,0.7259861826896667,0,0.5487349033355713
GF1_WFV4_E124.5_N35.2_20200922_L1A0005079948_2560_12888.png,0,classification,0.06057548522949219,0.06057548522949219,0.0,0.021873949095606804,0.02187260054051876,0.001457080477848649,0.06661259343157616,0.9977811574935913,nan,1.4974253872424015e-06,nan,0.4524907171726227,0.10356343537569046,0.8589923977851868,0,nan
GF1_WFV4_E124.5_N35.2_20200922_L1A0005079948_3072_12888.png,0,classification,0.014781951904296875,0.014781951904296875,0.0,0.003414919599890709,0.003416408086195588,0.0002145538164768368,0.06282836541267425,0.9980272650718689,nan,2.257189208876298e-07,nan,0.4527825713157654,0.11675246059894562,0.8863606452941895,0,nan
GF1_WFV4_E124.5_N35.2_20200922_L1A0005079948_3072_2048.png,1,classification,1.2559237480163574,1.2559237480163574,0.0,0.06545070558786392,0.06544008105993271,0.0017270512180402875,0.026387052706739998,0.9996519088745117,1.8323598851566203e-06,1.8323621588933747e-06,0.9999987591226203,0.4572983384132385,0.09855405241250992,0.548988401889801,0,0.5452315807342529
GF1_WFV4_E124.5_N35.2_20200922_L1A0005079948_3584_2048.png,3,classification,0.9909372925758362,0.9909372925758362,0.0,0.024101804941892624,0.024102037772536278,0.00022714643273502588,0.009424457350088775,0.9999555945396423,2.387197923781059e-07,2.387201334386191e-07,0.9999985712955658,0.455251544713974,0.09694822132587433,0.5598971843719482,0,0.4629462957382202
GF1_WFV4_E124.5_N35.2_20200922_L1A0005079948_3584_2560.png,0,classification,0.6914409399032593,0.6914409399032593,0.0,0.13595972955226898,0.1358996033668518,0.006847847253084183,0.0503667319406631,0.9987310171127319,nan,7.645814548595808e-06,nan,0.4575676918029785,0.106526218354702,0.5351225733757019,0,nan
GF1_WFV4_E124.5_N35.2_20200922_L1A0005079948_5120_12288.png,1,classification,0.9728490114212036,0.9728490114212036,0.0,0.05297519266605377,0.05294957756996155,0.001655085594393313,0.03124265361009028,0.9995117783546448,1.934746478582383e-06,1.9347419311088743e-06,1.0000023504289828,0.4473991394042969,0.11834753304719925,0.8786323070526123,0,0.0582294762134552
GF1_WFV4_E124.5_N35.2_20200922_L1A0005079948_512_6656.png,1,classification,1.045280933380127,1.045280933380127,0.0,0.05761392414569855,0.057582248002290726,0.0018548929365351796,0.03219521954179658,0.9994816780090332,2.04379625756701e-06,2.043795348072308e-06,1.0000004450028241,0.45559459924697876,0.09977944195270538,0.5554749965667725,1,nan
GF1_WFV4_E124.5_N35.2_20200922_L1A0005079948_6656_2048.png,1,classification,1.317808985710144,1.317808985710144,0.0,0.08988016098737717,0.08986067771911621,0.0033266146201640368,0.0370116673537248,0.9993149638175964,3.424831447773613e-06,3.424830993026262e-06,1.0000001327795012,0.4434913396835327,0.12071650475263596,0.9672724604606628,0,0.49950742721557617
GF1_WFV4_E124.5_N35.2_20200922_L1A0005079948_6656_6656.png,0,classification,0.020892858505249023,0.020892858505249023,0.0,0.005720194894820452,0.005721529014408588,0.0002758539339993149,0.048224569104996125,0.9988374710083008,nan,2.774741005850956e-07,nan,0.46017158031463623,0.08297658711671829,0.6011564135551453,0,nan
GF1_WFV4_E124.5_N35.2_20200922_L1A0005079948_7168_9728.png,1,classification,0.7255522012710571,0.7255522012710571,0.0,0.02335464209318161,0.02335481345653534,0.0001765621709637344,0.007560046103865652,0.9999714493751526,1.8159127535000152e-07,1.8159023795760731e-07,1.0000057128202808,0.45180565118789673,0.08027070760726929,0.7197211980819702,0,0.5405058264732361
GF1_WFV4_E124.5_N35.2_20200922_L1A0005079948_7680_9216.png,0,classification,0.026224613189697266,0.026224613189697266,0.0,0.0040224697440862656,0.004028698429465294,0.00035894702887162566,0.0892354826035275,0.996025800704956,nan,3.69740348560299e-07,nan,0.4584043025970459,0.11936090141534805,0.5112901926040649,0,nan
GF1_WFV4_E124.5_N35.2_20200922_L1A0005079948_8192_7168.png,0,classification,0.050226449966430664,0.050226449966430664,0.0,0.01874266006052494,0.01874983310699463,0.0008573500090278685,0.04574324062108909,0.998954176902771,nan,8.3914540027763e-07,nan,0.45884639024734497,0.11451233923435211,0.5054112672805786,0,nan
GF1_WFV4_E124.5_N35.2_20200922_L1A0005079948_9952_11776.png,0,classification,1.2712314128875732,1.2712314128875732,0.0,0.30122873187065125,0.30111265182495117,0.016794687137007713,0.055753935000527825,0.9984452724456787,nan,1.769782102201134e-05,nan,0.4524023234844208,0.0760418027639389,0.6392761468887329,0,nan
GF1_WFV4_E124.5_N36.8_20190805_L2A0004161899_10240_7168.png,0,classification,0.016401052474975586,0.016401052474975586,0.0,0.0030178483575582504,0.0030210751574486494,0.00021558727894444019,0.07143741281913597,0.997451663017273,nan,2.1603057120955782e-07,nan,0.4468805491924286,0.10483904927968979,0.626904308795929,0,nan
GF1_WFV4_E124.5_N36.8_20190805_L2A0004161899_10240_7680.png,0,classification,0.9472527503967285,0.9472527503967285,0.0,0.2775375247001648,0.2774930000305176,0.012739391066133976,0.04590150856139855,0.9989463686943054,nan,1.2981113286514301e-05,nan,0.44644856452941895,0.11697262525558472,0.6146942377090454,0,nan
GF1_WFV4_E124.5_N36.8_20190805_L2A0004161899_10752_7168.png,0,classification,0.01924586296081543,0.01924586296081543,0.0,0.0024911772925406694,0.0024967072531580925,0.00025881858891807497,0.10389408641972424,0.9946174621582031,nan,2.6261184871145815e-07,nan,0.4475563168525696,0.09597562253475189,0.5783281326293945,0,nan
GF1_WFV4_E124.5_N36.8_20190805_L2A0004161899_11264_12800.png,1,classification,1.2243499755859375,1.2243499755859375,0.0,0.033660393208265305,0.033659953624010086,0.0009765025461092591,0.029010431936055906,0.9995791912078857,9.98104951577261e-07,9.981050652640988e-07,0.9999998860973242,0.454146146774292,0.09327017515897751,0.5127447247505188,0,0.08391696214675903
GF1_WFV4_E124.5_N36.8_20190805_L2A0004161899_11776_7168.png,1,classification,1.4834163188934326,1.4834163188934326,0.0,0.08217579871416092,0.08215443044900894,0.00215546740218997,0.02622995378100937,0.9996560215950012,2.498078401913517e-06,2.4980827220133506e-06,0.9999982706337963,0.45422810316085815,0.09773977100849152,0.5103669166564941,0,0.5769442319869995
GF1_WFV4_E124.5_N36.8_20190805_L2A0004161899_12800_13312.png,0,classification,1.658557653427124,1.658557653427124,0.0,0.28948312997817993,0.2893484830856323,0.014375286176800728,0.049658459122935,0.9987664222717285,nan,1.5541152606601827e-05,nan,0.45209670066833496,0.09162332117557526,0.5849505662918091,0,nan
GF1_WFV4_E124.5_N36.8_20190805_L2A0004161899_13312_7680.png,0,classification,0.029491901397705078,0.029491901397705078,0.0,0.006089767441153526,0.006099910940974951,0.00044092387543059886,0.07240405806811546,0.9973844885826111,nan,4.4492404072116187e-07,nan,0.4560964107513428,0.09828414022922516,0.48720866441726685,0,nan
GF1_WFV4_E124.5_N36.8_20190805_L2A0004161899_13824_13824.png,1,classification,0.8992626667022705,0.8992626667022705,0.0,0.034754958003759384,0.03475697711110115,0.00035185692831873894,0.010123934785957134,0.9999487400054932,3.432154187521519e-07,3.4321465136599727e-07,1.0000022358781933,0.4494788646697998,0.09437195956707001,0.5415962934494019,0,0.4575883150100708
GF1_WFV4_E124.5_N36.8_20190805_L2A0004161899_13824_7168.png,1,classification,0.7500126361846924,0.7500126361846924,0.0,0.02152947522699833,0.021530931815505028,0.0002767939295154065,0.012856510741529928,0.9999175071716309,2.909387148974929e-07,2.9093857278894575e-07,1.0000004884486295,0.45393362641334534,0.0949859470129013,0.5037610530853271,0,0.6602975130081177
GF1_WFV4_E124.5_N36.8_20190805_L2A0004161899_14336_10752.png,1,classification,1.110385537147522,1.110385537147522,0.0,0.060733094811439514,0.06072095036506653,0.0010439433390274644,0.017189035768202448,0.999852180480957,1.1800862012023572e-06,1.1800874517575721e-06,0.9999989402859821,0.45365554094314575,0.1025010421872139,0.5111344456672668,0,0.5130585432052612
GF1_WFV4_E124.5_N36.8_20190805_L2A0004161899_14336_13312.png,1,classification,1.5543568134307861,1.5543568134307861,0.0,0.08871015906333923,0.0886864960193634,0.0021489765495061874,0.024224695031510583,0.999706506729126,2.459850747982273e-06,2.4598491563665448e-06,1.0000006470379388,0.4502645432949066,0.08362338691949844,0.5254500508308411,1,nan
GF1_WFV4_E124.5_N36.8_20190805_L2A0004161899_14336_13824.png,0,classification,0.1893618106842041,0.1893618106842041,0.0,0.07313676923513412,0.0731215849518776,0.00478439312428236,0.06541706961242127,0.9978598952293396,nan,4.97256723974715e-06,nan,0.45074182748794556,0.08368447422981262,0.5249043107032776,0,nan
GF1_WFV4_E124.5_N36.8_20190805_L2A0004161899_14336_6656.png,0,classification,0.197790265083313,0.197790265083313,0.0,0.1043749451637268,0.10437983274459839,0.004835460335016251,0.04632778802835441,0.9989269375801086,nan,4.925853318127338e-06,nan,0.4475475251674652,0.08112790435552597,0.5875902771949768,0,nan
GF1_WFV4_E124.5_N36.8_20190805_L2A0004161899_14848_6144.png,0,classification,0.09503471851348877,0.09503471851348877,0.0,0.03891867771744728,0.03889799490571022,0.00280644535087049,0.07211050106186824,0.9973987340927124,nan,2.9152226943551796e-06,nan,0.43707454204559326,0.08755544573068619,0.724959135055542,0,nan
GF1_WFV4_E124.5_N36.8_20190805_L2A0004161899_15360_11264.png,1,classification,0.9067865610122681,0.9067865610122681,0.0,0.02002882957458496,0.020029427483677864,0.00023114543000701815,0.011540635919151455,0.9999333024024963,2.555720755026414e-07,2.555723028763168e-07,0.9999991103352246,0.46190977096557617,0.1069105863571167,0.5118112564086914,0,0.560697615146637
GF1_WFV4_E124.5_N36.8_20190805_L2A0004161899_15457_3584.png,1,classification,1.4940675497055054,1.4940675497055054,0.0,0.06747239828109741,0.06745409965515137,0.002595878904685378,0.03847319749730344,0.9992597103118896,2.7139249141328037e-06,2.7139242320117773e-06,1.0000002513412196,0.4530448317527771,0.08556677401065826,0.4977104067802429,0,0.601928174495697
GF1_WFV4_E124.5_N36.8_20190805_L2A0004161899_15969_3072.png,0,classification,0.16548466682434082,0.16548466682434082,0.0,0.0564824640750885,0.0564892552793026,0.004570420831441879,0.08091751849504837,0.9967265129089355,nan,4.773129148816224e-06,nan,0.45959046483039856,0.07194674760103226,0.489381343126297,0,nan
GF1_WFV4_E124.5_N36.8_20190805_L2A0004161899_2560_10240.png,0,classification,0.014426708221435547,0.014426708221435547,0.0,0.0036040327977389097,0.0036044393200427294,0.00021228889818303287,0.05890315379932675,0.9982653856277466,nan,2.1086336232656322e-07,nan,0.4339735507965088,0.12304659187793732,0.787204921245575,0,nan
GF1_WFV4_E124.5_N36.8_20190805_L2A0004161899_2560_11264.png,0,classification,0.0395815372467041,0.0395815372467041,0.0,0.018535317853093147,0.018534114584326744,0.0008291257545351982,0.04473221129017946,0.9989993572235107,nan,8.546894605387934e-07,nan,0.4387781023979187,0.11424579471349716,0.6692904233932495,0,nan
GF1_WFV4_E124.5_N36.8_20190805_L2A0004161899_2560_11776.png,0,classification,0.1843738555908203,0.1843738555908203,0.0,0.09289295226335526,0.09288006275892258,0.004580338019877672,0.04930770212676878,0.9987843036651611,nan,4.7053335947566666e-06,nan,0.44053947925567627,0.1037444919347763,0.651652991771698,0,nan
GF1_WFV4_E124.5_N36.8_20190805_L2A0004161899_3584_8704.png,1,classification,1.4436540603637695,1.4436540603637695,0.0,0.10139687359333038,0.10138944536447525,0.0023773973807692528,0.023446456448984947,0.9997251033782959,2.433607278362615e-06,2.4336065962415887e-06,1.0000002802922328,0.44321614503860474,0.10350119322538376,0.7582240104675293,0,0.4639052748680115
GF1_WFV4_E124.5_N36.8_20190805_L2A0004161899_6144_5632.png,1,classification,0.9745655655860901,0.9745655655860901,0.0,0.055394917726516724,0.05539115518331528,0.0014326863456517458,0.025863136988936084,0.9996654987335205,1.552851131236821e-06,1.5528523817920359e-06,0.9999991946721855,0.4600401520729065,0.0840972438454628,0.4848668873310089,0,0.003594504203647375
GF1_WFV4_E124.5_N36.8_20190805_L2A0004161899_6656_5632.png,0,classification,0.5368989706039429,0.5368989706039429,0.0,0.1667911261320114,0.16680648922920227,0.008023088797926903,0.048102611835457054,0.9988431930541992,nan,8.097173122223467e-06,nan,0.45663031935691833,0.09283973276615143,0.5306848883628845,0,nan
GF1_WFV4_E124.5_N36.8_20190805_L2A0004161899_7680_5120.png,0,classification,0.5268473625183105,0.5268473625183105,0.0,0.20585735142230988,0.2058563232421875,0.01112341322004795,0.054034568807934474,0.9985401630401611,nan,1.1029655979655217e-05,nan,0.4528207778930664,0.09682981669902802,0.5939447283744812,0,nan
GF1_WFV4_E124.5_N36.8_20190805_L2A0004161899_7680_8192.png,0,classification,0.032292842864990234,0.032292842864990234,0.0,0.007494241930544376,0.007498511113226414,0.0005180673324503005,0.06912871738751947,0.9976121187210083,nan,5.249620471659e-07,nan,0.43878480792045593,0.1158403754234314,0.7420120239257812,0,nan
GF1_WFV4_E124.5_N36.8_20190805_L2A0004161899_8192_13824.png,0,classification,0.0253603458404541,0.0253603458404541,0.0,0.005181263666599989,0.0051867603324353695,0.00040234497282654047,0.07765383094093035,0.9969887137413025,nan,4.1256794247601647e-07,nan,0.452970027923584,0.09145472943782806,0.5671774744987488,0,nan
GF1_WFV4_E124.5_N36.8_20190805_L2A0004161899_9728_13824.png,0,classification,2.3891212940216064,2.3891212940216064,0.0,0.28760454058647156,0.28750815987586975,0.015413540415465832,0.05359282709527173,0.9985634684562683,nan,1.5909519788692705e-05,nan,0.45531097054481506,0.09966827183961868,0.5021026730537415,0,nan
GF1_WFV4_E124.6_N36.8_20191206_L1A0004447277_8704_512.png,0,classification,0.05379295349121094,0.05379295349121094,0.0,0.018910028040409088,0.01891678012907505,0.0010519155766814947,0.05562739380574384,0.9984533786773682,nan,1.0269266113027697e-06,nan,0.4682849943637848,0.09336087852716446,0.4694650173187256,0,nan
GF1_WFV4_E124.6_N36.8_20191206_L1A0004447277_9728_512.png,1,classification,0.9786046147346497,0.9786046147346497,0.0,0.029460344463586807,0.029459979385137558,0.00030447824974544346,0.01033518973689465,0.9999465942382812,3.442204388193204e-07,3.4421924510752433e-07,1.000003467882209,0.4674026370048523,0.07616669684648514,0.5279145836830139,0,0.5913610458374023
GF6_WFV_E131.2_N35.8_20200910_L1A1120034678-2_0_0.png,1,classification,1.7216178178787231,1.7216178178787231,0.0,0.13867034018039703,0.13864564895629883,0.0023428720887750387,0.016895264594629127,0.9998573064804077,2.614282493595965e-06,2.6142893148062285e-06,0.9999973907974818,0.45555102825164795,0.06923062354326248,0.6099228262901306,1,nan
GF6_WFV_E131.2_N35.8_20200910_L1A1120034678-2_1024_512.png,2,classification,0.8202142715454102,0.8202142715454102,0.0,0.015292264521121979,0.015291787683963776,0.00010001155169447884,0.00654000926784525,0.9999786615371704,1.1886405104633013e-07,1.1886344708500474e-07,1.0000050811358765,0.462556928396225,0.0789136216044426,0.53936368227005,0,0.6173146665096283
GF6_WFV_E131.2_N35.8_20200910_L1A1120034678-2_13824_15872.png,2,classification,0.844617486000061,0.844617486000061,0.0,0.021384235471487045,0.02138204127550125,0.0008916842052713037,0.04169820363511441,0.9991304874420166,9.571592727297684e-07,9.571595001034439e-07,0.9999997624495442,0.45323556661605835,0.07283926010131836,0.5993515253067017,0,0.5449479520320892
GF6_WFV_E131.2_N35.8_20200910_L1A1120034678-2_14336_0.png,0,classification,0.0800924301147461,0.0800924301147461,0.0,0.03427610173821449,0.034282904118299484,0.001276774681173265,0.037249705083871494,0.999306321144104,nan,1.2559328297356842e-06,nan,0.4474480152130127,0.09567244350910187,0.7803179621696472,0,nan
GF6_WFV_E131.2_N35.8_20200910_L1A1120034678-2_15360_0.png,0,classification,0.018906831741333008,0.018906831741333008,0.0,0.004786380100995302,0.004788734018802643,0.00029399749473668635,0.061423766715800764,0.9981145858764648,nan,3.0864390510032536e-07,nan,0.44772017002105713,0.09602157771587372,0.7959672808647156,0,nan
GF6_WFV_E131.2_N35.8_20200910_L1A1120034678-2_15360_14848.png,0,classification,0.01642751693725586,0.01642751693725586,0.0,0.001979873748496175,0.001982822548598051,0.00020688345830421895,0.10449325794705776,0.9945497512817383,nan,2.0877830309018464e-07,nan,0.4558471143245697,0.07992838323116302,0.5898963809013367,0,nan
GF6_WFV_E131.2_N35.8_20200910_L1A1120034678-2_15872_13824.png,0,classification,0.029736757278442383,0.029736757278442383,0.0,0.010427961125969887,0.010432322509586811,0.0005181069136597216,0.049684392509809376,0.998766303062439,nan,5.200257646720274e-07,nan,0.46130311489105225,0.10818613320589066,0.5176655650138855,0,nan
GF6_WFV_E131.2_N35.8_20200910_L1A1120034678-2_15872_512.png,0,classification,0.031775474548339844,0.031775474548339844,0.0,0.010255868546664715,0.010259948670864105,0.0004930502036586404,0.048074934016094036,0.9988449811935425,nan,4.948958576278528e-07,nan,0.45457273721694946,0.08836444467306137,0.595423698425293,0,nan
GF6_WFV_E131.2_N35.8_20200910_L1A1120034678-2_15872_9216.png,1,classification,1.5629853010177612,1.5629853010177612,0.0,0.08332545310258865,0.08330100029706955,0.0018500251462683082,0.022202401275761365,0.999753475189209,2.136215698556043e-06,2.136214561687666e-06,1.0000005321882912,0.45487362146377563,0.07496662437915802,0.5790926218032837,0,0.02537219598889351
GF6_WFV_E131.2_N35.8_20200910_L1A1120034678-2_16384_6656.png,0,classification,0.06265604496002197,0.06265604496002197,0.0,0.038668904453516006,0.038673918694257736,0.0012004694435745478,0.031044826858687844,0.9995181560516357,nan,1.2145192158641294e-06,nan,0.4565843343734741,0.08842766284942627,0.549506664276123,0,nan
GF6_WFV_E131.2_N35.8_20200910_L1A1120034678-2_17920_10752.png,0,classification,0.04166388511657715,0.04166388511657715,0.0,0.018496040254831314,0.01849883608520031,0.0008487566374242306,0.04588855915808945,0.9989473223686218,nan,8.654469070279447e-07,nan,0.4547955095767975,0.08041331171989441,0.6032892465591431,0,nan
GF6_WFV_E131.2_N35.8_20200910_L1A1120034678-2_18944_11264.png,0,classification,0.07091879844665527,0.07091879844665527,0.0,0.026038823649287224,0.026025155559182167,0.0012818159302696586,0.04922710593743533,0.9987879991531372,nan,1.3878313893656014e-06,nan,0.4512195587158203,0.08289259672164917,0.7388833165168762,0,nan
GF6_WFV_E131.2_N35.8_20200910_L1A1120034678-2_2048_1024.png,0,classification,0.021941184997558594,0.021941184997558594,0.0,0.00418371707201004,0.004187035374343395,0.00029118958627805114,0.06960068792083757,0.9975799918174744,nan,2.9271132007124834e-07,nan,0.4547796845436096,0.07091992348432541,0.6074039340019226,0,nan
GF6_WFV_E131.2_N35.8_20200910_L1A1120034678-2_2048_6144.png,2,classification,1.0079315900802612,1.0079315900802612,0.0,0.039312943816185,0.03930200636386871,0.0009208193514496088,0.023422803333046527,0.9997256398200989,1.0869714515138185e-06,1.0869698598980904e-06,1.0000014642685016,0.44642090797424316,0.07577574253082275,0.5927048325538635,0,0.4054234176874161
GF6_WFV_E131.2_N35.8_20200910_L1A1120034678-2_21504_7680.png,0,classification,0.06780457496643066,0.06780457496643066,0.0,0.021329626441001892,0.02133733220398426,0.0011343926889821887,0.05318389856099628,0.9985862970352173,nan,1.2020493613817962e-06,nan,0.4443638026714325,0.10153453797101974,0.8577746748924255,0,nan
GF6_WFV_E131.2_N35.8_20200910_L1A1120034678-2_23440_7168.png,1,classification,0.9506043195724487,0.9506043195724487,0.0,0.03813249245285988,0.038119517266750336,0.001204240950755775,0.03158044159438256,0.9995012283325195,1.4251189668357256e-06,1.4251164657252957e-06,1.0000017550217755,0.44898495078086853,0.08064452558755875,0.7134868502616882,0,0.5264854431152344
GF6_WFV_E131.2_N35.8_20200910_L1A1120034678-2_3072_1024.png,0,classification,0.014055728912353516,0.014055728912353516,0.0,0.0016181250102818012,0.0016199999954551458,0.0001545191480545327,0.09549271352503398,0.9954465627670288,nan,1.553068784687639e-07,nan,0.45686209201812744,0.06790805608034134,0.5746150612831116,0,nan
GF6_WFV_E131.2_N35.8_20200910_L1A1120034678-2_3072_1536.png,0,classification,0.024015188217163086,0.024015188217163086,0.0,0.006533876061439514,0.00653750030323863,0.0003548246459104121,0.054305383599859515,0.9985264539718628,nan,3.537143697940337e-07,nan,0.4638109803199768,0.10084067285060883,0.48157379031181335,0,nan
GF6_WFV_E131.2_N35.8_20200910_L1A1120034678-2_4096_2048.png,1,classification,0.8963647484779358,0.8963647484779358,0.0,0.028704067692160606,0.028701243922114372,0.00070764817064628,0.024653236545966843,0.9996959567070007,8.502116202180332e-07,8.502123023390595e-07,0.9999991977050621,0.4638107419013977,0.0852002426981926,0.4891147315502167,0,0.45270228385925293
GF6_WFV_E131.2_N35.8_20200910_L1A1120034678-2_4608_512.png,1,classification,1.2405742406845093,1.2405742406845093,0.0,0.07264521718025208,0.07262252271175385,0.004345852416008711,0.05982296680627297,0.9982099533081055,4.6964778448455036e-06,4.696479209087556e-06,0.9999997095181322,0.4657784700393677,0.08868636935949326,0.484843373298645,0,0.6198760867118835
GF6_WFV_E131.2_N35.8_20200910_L1A1120034678-2_4608_7168.png,1,classification,1.0767569541931152,1.0767569541931152,0.0,0.03926326334476471,0.03925563767552376,0.0013263594591990113,0.033781182362567566,0.9994293451309204,1.3981804158902378e-06,1.3981809843244264e-06,0.999999593447347,0.4479297399520874,0.07383213192224503,0.6196750402450562,0,0.40406712889671326
GF6_WFV_E131.2_N35.8_20200910_L1A1120034678-2_5120_2048.png,1,classification,1.14381742477417,1.14381742477417,0.0,0.05866001173853874,0.05864643678069115,0.002343137748539448,0.03994437912803965,0.9992020130157471,2.578746943981969e-06,2.5787478534766706e-06,0.999999647311504,0.46132227778434753,0.07514021545648575,0.6581188440322876,0,0.6502818465232849
GF6_WFV_E131.2_N35.8_20200910_L1A1120034678-2_5632_0.png,1,classification,1.3516920804977417,1.3516920804977417,0.0,0.07992123067378998,0.07989347726106644,0.0031339754350483418,0.03921330300630772,0.9992308616638184,3.5801228932541562e-06,3.5801210742647527e-06,1.0000005080804157,0.4653419852256775,0.07797763496637344,0.5448469519615173,0,0.47182995080947876
GF6_WFV_E131.2_N35.8_20200910_L1A1120034678-3_0_16773.png,0,classification,3.164149761199951,3.164149761199951,0.0,0.2705567479133606,0.27046510577201843,0.013512453995645046,0.049943141687865386,0.9987524747848511,nan,1.46980910358252e-05,nan,0.4418778121471405,0.10785804688930511,0.9049640893936157,0,nan
GF6_WFV_E131.2_N35.8_20200910_L1A1120034678-3_1024_16384.png,1,classification,1.4753940105438232,1.4753940105438232,0.0,0.06994181871414185,0.06993792951107025,0.0014846824342384934,0.021227392446091755,0.9997748136520386,1.7334555195702706e-06,1.7334532458335161e-06,1.000001311680462,0.4451599717140198,0.08344892412424088,0.7521461248397827,1,nan
GF6_WFV_E131.2_N35.8_20200910_L1A1120034678-3_1024_16896.png,4,classification,1.1687132120132446,1.1687132120132446,0.0,0.03356056287884712,0.03354974091053009,0.0010154449846595526,0.030257090392830602,0.9995421767234802,1.1119242344648228e-06,1.1119244618384982e-06,0.9999997955133795,0.4531981945037842,0.07094434648752213,0.6528115272521973,0,0.3652140498161316
GF6_WFV_E131.2_N35.8_20200910_L1A1120034678-3_1024_2048.png,1,classification,1.1264307498931885,1.1264307498931885,0.0,0.04914310202002525,0.04913447052240372,0.0014285624492913485,0.029069439871932088,0.999577522277832,1.5583435697408277e-06,1.5583405001962092e-06,1.0000019697521936,0.45261043310165405,0.11815802752971649,0.5877779722213745,0,0.44028761982917786
GF6_WFV_E131.2_N35.8_20200910_L1A1120034678-3_3072_15360.png,2,classification,1.2015076875686646,1.2015076875686646,0.0,0.09784616529941559,0.09779210388660431,0.004694374278187752,0.047977089994509885,0.9988486766815186,5.312913799571106e-06,5.312911525834352e-06,1.000000427964355,0.4409201741218567,0.09269175678491592,0.8045495748519897,1,0.3552393317222595
GF6_WFV_E131.2_N35.8_20200910_L1A1120034678-3_3072_15872.png,0,classification,0.02796626091003418,0.02796626091003418,0.0,0.005491163115948439,0.005491920281201601,0.00045785593101754785,0.08338050087926892,0.9965243339538574,nan,4.833141815652198e-07,nan,0.44481194019317627,0.09725572913885117,0.7305551767349243,0,nan
GF6_WFV_E131.2_N35.8_20200910_L1A1120034678-3_3584_4096.png,1,classification,0.8794929385185242,0.8794929385185242,0.0,0.04045753553509712,0.04044249281287193,0.0012597210006788373,0.031136869411781714,0.999515175819397,1.516818770141981e-06,1.516820020697196e-06,0.9999991755414631,0.45273464918136597,0.08904056251049042,0.5957008600234985,0,0.39770790934562683
GF6_WFV_E131.2_N35.8_20200910_L1A1120034678-3_4608_3584.png,0,classification,0.8032379150390625,0.8032379150390625,0.0,0.2361920028924942,0.23601217567920685,0.017425410449504852,0.07377646252246843,0.997276782989502,nan,1.797709774109535e-05,nan,0.4511678218841553,0.08947492390871048,0.5912889838218689,0,nan
GF6_WFV_E131.4_N22.4_20200419_L1A1119988588-2_17408_15360.png,1,classification,1.1279759407043457,1.1279759407043457,0.0,0.046111561357975006,0.046110693365335464,0.0002972028451040387,0.006445299971449295,0.9999793171882629,3.1007715506348177e-07,3.1007724032861006e-07,0.9999997250197138,0.44117844104766846,0.1094101071357727,0.8504598736763,0,0.37042975425720215
GF6_WFV_E131.4_N22.4_20200419_L1A1119988588-3_6144_16896.png,0,classification,0.020306825637817383,0.020306825637817383,0.0,0.011800182051956654,0.011801838874816895,0.00040450567030347884,0.034279612680755675,0.9994125366210938,nan,4.01868533117522e-07,nan,0.4522556662559509,0.10539551079273224,0.6704286932945251,0,nan
GF6_WFV_E131.4_N22.4_20200419_L1A1119988588-3_7680_16384.png,0,classification,0.009098052978515625,0.009098052978515625,0.0,0.0019272371428087354,0.0019282422726973891,7.923771045170724e-05,0.04111466549270996,0.9991554021835327,nan,7.914324129387751e-08,nan,0.4465915858745575,0.1498757153749466,0.6662517189979553,0,nan
GF6_WFV_E131.4_N22.4_20200530_L1A1120002374-1_6144_5632.png,1,classification,0.7501658201217651,0.7501658201217651,0.0,0.020554158836603165,0.020551882684230804,0.000261389504885301,0.01271711029204535,0.999919056892395,3.098803063039668e-07,3.0988064736447996e-07,0.9999988993810486,0.470366895198822,0.11224358528852463,0.4507974684238434,0,0.662865936756134
GF6_WFV_E131.4_N22.4_20200530_L1A1120002374-1_7680_5120.png,0,classification,0.03749871253967285,0.03749871253967285,0.0,0.014465637505054474,0.014462493360042572,0.0005804275861009955,0.04012457701212179,0.999194860458374,nan,6.255589255488303e-07,nan,0.45221322774887085,0.07406367361545563,0.6542177200317383,0,nan
GF6_WFV_E131.4_N22.4_20200530_L1A1120002374-1_8192_16384.png,0,classification,0.012629508972167969,0.012629508972167969,0.0,0.0011353263398632407,0.0011374938767403364,0.0001162619300885126,0.1024039749685692,0.9947686195373535,nan,1.2320474240823387e-07,nan,0.4715326428413391,0.11871150135993958,0.4356760084629059,0,nan
GF6_WFV_E131.4_N22.4_20200530_L1A1120002374-2_9216_0.png,0,classification,0.011788129806518555,0.011788129806518555,0.0,0.002857506275177002,0.0028603116516023874,0.00018576359434518963,0.06500898911715702,0.9978894591331482,nan,1.9195519485037948e-07,nan,0.4473298490047455,0.13033141195774078,0.6177787780761719,0,nan
GF6_WFV_E131.4_N24.7_20190523_L1A1119882277-1_1536_0.png,0,classification,0.698188304901123,0.698188304901123,0.0,0.2330930531024933,0.23304876685142517,0.012426726520061493,0.05331229890664026,0.998578667640686,nan,1.3868409951101057e-05,nan,0.44453364610671997,0.15095283091068268,0.9487928152084351,0,nan
GF6_WFV_E131.4_N24.7_20190523_L1A1119882277-1_3072_0.png,0,classification,0.17356765270233154,0.17356765270233154,0.0,0.07743948698043823,0.07745025306940079,0.004003394860774279,0.05169707363616142,0.9986639022827148,nan,3.94420658267336e-06,nan,0.46896499395370483,0.11257348209619522,0.4477877616882324,0,nan
GF6_WFV_E131.4_N24.7_20190523_L1A1119882277-1_8704_14336.png,0,classification,0.01860809326171875,0.01860809326171875,0.0,0.00395832397043705,0.003960145637392998,0.00024836932425387204,0.0627460829656267,0.9980323910713196,nan,2.4320490865648026e-07,nan,0.46958762407302856,0.08164273947477341,0.5334994196891785,0,nan
GF6_WFV_E131.4_N24.7_20190523_L1A1119882277-2_19456_12800.png,1,classification,1.1937283277511597,1.1937283277511597,0.0,0.06132190674543381,0.06129955127835274,0.0013558296486735344,0.02211003735258922,0.9997555613517761,1.612977143850003e-06,1.6129760069816257e-06,1.000000704826589,0.4386059641838074,0.1157248318195343,0.7699556946754456,0,0.0015582044143229723
GF6_WFV_E131.4_N24.7_20190523_L1A1119882277-2_19968_12800.png,0,classification,0.007875204086303711,0.007875204086303711,0.0,0.0017046184511855245,0.0017051345203071833,0.00011131826613564044,0.06530391951244048,0.9978682994842529,nan,1.2018179518236138e-07,nan,0.4395456910133362,0.11612220853567123,0.8177461624145508,0,nan
GF6_WFV_E131.6_N24.7_20191111_L1A1119942463-1_6144_1024.png,1,classification,1.417345404624939,1.417345404624939,0.0,0.10648862272500992,0.10648449510335922,0.0019877043087035418,0.018665884277952162,0.9998258352279663,1.9999004052806413e-06,1.999897222049185e-06,1.0000015916975238,0.4528965950012207,0.10817644745111465,0.93133145570755,0,0.3743351399898529
GF6_WFV_E131.6_N24.7_20191111_L1A1119942463-1_6656_1024.png,0,classification,0.045340538024902344,0.045340538024902344,0.0,0.02363235130906105,0.023633569478988647,0.0011371740838512778,0.04811937961565702,0.9988423585891724,nan,1.123810875469644e-06,nan,0.4575061798095703,0.10054763406515121,0.8728537559509277,0,nan
GF6_WFV_E131.6_N24.7_20191111_L1A1119942463-2_17408_6656.png,1,classification,1.14696204662323,1.14696204662323,0.0,0.041991714388132095,0.04198881611227989,0.0011638776632025838,0.027716840813994597,0.9996157884597778,1.160026954494242e-06,1.1600242260101368e-06,1.0000023520923478,0.468746542930603,0.09530770033597946,0.5947219729423523,0,0.459715336561203
GF6_WFV_E131.6_N24.7_20191111_L1A1119942463-2_17920_17289.png,0,classification,0.0062427520751953125,0.0062427520751953125,0.0,0.0005585683393292129,0.0005586319020949304,4.277901098248549e-05,0.07658688824694035,0.9970675110816956,nan,4.257906738303063e-08,nan,0.46469536423683167,0.12465114146471024,0.5331760048866272,0,nan
GF6_WFV_E131.6_N24.7_20191111_L1A1119942463-2_21504_10240.png,0,classification,0.0077342987060546875,0.0077342987060546875,0.0,0.0017486545257270336,0.0017493820050731301,9.551813855068758e-05,0.054623790546033814,0.9985088109970093,nan,9.691635227682127e-08,nan,0.4585764408111572,0.1337590217590332,0.605728030204773,0,nan
GF6_WFV_E131.6_N24.7_20191111_L1A1119942463-3_8192_11264.png,0,classification,0.006093263626098633,0.006093263626098633,0.0,0.0012343258131295443,0.0012352981138974428,8.357648766832426e-05,0.06771023240324375,0.9977098703384399,nan,8.758982517065306e-08,nan,0.4535549581050873,0.13283027708530426,0.6230822205543518,0,nan
GF6_WFV_E131.6_N24.9_20190302_L1A1119852281-1_1536_6656.png,0,classification,0.015694856643676758,0.015694856643676758,0.0,0.002527926815673709,0.0025314572267234325,0.00021182376076467335,0.08379347038502812,0.9964951276779175,nan,2.0876746020803694e-07,nan,0.4712432026863098,0.08983075618743896,0.5257686972618103,0,nan
GF6_WFV_E131.6_N24.9_20190302_L1A1119852281-1_2048_2048.png,0,classification,0.014629602432250977,0.014629602432250977,0.0,0.0021479357965290546,0.002149175154045224,0.00018585495126899332,0.08652723771787063,0.9962588548660278,nan,1.778216613956829e-07,nan,0.462333083152771,0.09100588411092758,0.6984581351280212,0,nan
GF6_WFV_E131.6_N24.9_20190302_L1A1119852281-1_3072_2048.png,0,classification,0.04482913017272949,0.04482913017272949,0.0,0.012807662598788738,0.012815347872674465,0.0007738163694739342,0.06041823506087024,0.998176097869873,nan,7.452869681401353e-07,nan,0.47394657135009766,0.09359506517648697,0.46932312846183777,0,nan
GF6_WFV_E131.6_N24.9_20190302_L1A1119852281-1_4096_0.png,1,classification,1.2059757709503174,1.2059757709503174,0.0,0.06458669900894165,0.06456927210092545,0.0031404560431838036,0.048623882182754465,0.9988176822662354,3.3668643482087646e-06,3.3668636660877382e-06,1.0000002025983508,0.4717664420604706,0.1004108414053917,0.4502781331539154,0,0.5346070528030396
GF6_WFV_E131.6_N24.9_20190302_L1A1119852281-1_7680_15360.png,1,classification,0.6706069707870483,0.6706069707870483,0.0,0.027275994420051575,0.027271924540400505,0.0004780234885402024,0.017525428447396584,0.9998462796211243,5.625654466712149e-07,5.625647645501886e-07,1.0000012125199964,0.47184479236602783,0.11582436412572861,0.4374852478504181,0,0.5951693058013916
GF6_WFV_E131.6_N24.9_20190302_L1A1119852281-2_12288_0.png,1,classification,1.1060738563537598,1.1060738563537598,0.0,0.052786584943532944,0.05277809873223305,0.0009180086781270802,0.01739094656547863,0.9998487234115601,1.0976596058753785e-06,1.0976604016832425e-06,0.9999992749962895,0.4685300588607788,0.10503058135509491,0.4904603958129883,0,0.561130940914154
GF6_WFV_E131.6_N24.9_20190302_L1A1119852281-2_14336_8704.png,1,classification,0.8928703665733337,0.8928703665733337,0.0,0.03865327313542366,0.038649532943964005,0.0003171309072058648,0.008204503305445334,0.9999664425849915,3.6639451650444244e-07,3.6639357858803123e-07,1.000002559860396,0.456748902797699,0.107304647564888,0.5813905000686646,0,0.48278847336769104
GF6_WFV_E131.6_N24.9_20190302_L1A1119852281-2_1536_14848.png,0,classification,0.026120662689208984,0.026120662689208984,0.0,0.011429384350776672,0.011431906372308731,0.0004475569003261626,0.03915844341132419,0.9992334842681885,nan,4.3897384216506907e-07,nan,0.47288209199905396,0.11700662225484848,0.42852121591567993,0,nan
GF6_WFV_E131.6_N24.9_20190302_L1A1119852281-2_22416_6656.png,0,classification,0.006785392761230469,0.006785392761230469,0.0,0.0008846928249113262,0.0008846403216011822,9.189750562654808e-05,0.103875043448848,0.9946046471595764,nan,9.505873066473214e-08,nan,0.440373957157135,0.11588477343320847,0.8958539962768555,0,nan
GF6_WFV_E131.6_N24.9_20190302_L1A1119852281-2_512_14848.png,1,classification,0.8236473798751831,0.8236473798751831,0.0,0.022441163659095764,0.02244204469025135,0.00028725399170070887,0.012800316243149906,0.9999181032180786,3.4052877140311466e-07,3.405287998248241e-07,0.9999999165365472,0.4724511206150055,0.1133202388882637,0.4329175055027008,0,0.522812008857727
GF6_WFV_E131.6_N24.9_20190302_L1A1119852281-2_9216_9728.png,0,classification,0.06243777275085449,0.06243777275085449,0.0,0.03643234446644783,0.036437541246414185,0.0013234509387984872,0.03632626332947945,0.999340295791626,nan,1.2837701888201991e-06,nan,0.471801221370697,0.11577433347702026,0.44026631116867065,0,nan
GF6_WFV_E131.8_N31.4_20200918_L1A1120036753-2_11264_11264.png,0,classification,0.01984238624572754,0.01984238624572754,0.0,0.0032752789556980133,0.0032774973660707474,0.00028178264619782567,0.0860331745812391,0.9963018298149109,nan,2.8464538104344683e-07,nan,0.45702311396598816,0.07967398315668106,0.5850962400436401,0,nan
GF6_WFV_E131.8_N31.4_20200918_L1A1120036753-2_13312_16773.png,0,classification,0.01703619956970215,0.01703619956970215,0.0,0.005478814244270325,0.005480544175952673,0.0002808513818308711,0.05126134402614251,0.9986864924430847,nan,2.7912119549000636e-07,nan,0.4562966227531433,0.1234605684876442,0.5989398956298828,0,nan
GF6_WFV_E131.8_N31.4_20200918_L1A1120036753-2_18432_11776.png,0,classification,0.04200100898742676,0.04200100898742676,0.0,0.010273869149386883,0.010281712748110294,0.0007411818369291723,0.07214242522968127,0.9973999857902527,nan,7.337973215726379e-07,nan,0.4544752836227417,0.09898121654987335,0.5813429355621338,0,nan
GF6_WFV_E131.8_N31.4_20200918_L1A1120036753-2_18944_11264.png,1,classification,2.8274426460266113,2.8274426460266113,0.0,0.20342330634593964,0.20338237285614014,0.004706982057541609,0.023138853369814777,0.9997321367263794,5.554695690079825e-06,5.554691597353667e-06,1.0000007368052908,0.44838353991508484,0.10298661142587662,0.7114177346229553,1,nan
GF6_WFV_E131.8_N31.4_20200918_L1A1120036753-2_19456_11776.png,0,classification,0.02426433563232422,0.02426433563232422,0.0,0.008794118650257587,0.008793852292001247,0.0003846528707072139,0.04373978632821233,0.9990432858467102,nan,3.8134200508466165e-07,nan,0.44392985105514526,0.1104053407907486,0.8552079796791077,0,nan
GF6_WFV_E131.8_N31.4_20200918_L1A1120036753-2_20992_14336.png,0,classification,0.010463237762451172,0.010463237762451172,0.0,0.001978738233447075,0.001979837426915765,0.00012516314745880663,0.06325401983099366,0.9980008602142334,nan,1.2162612961219565e-07,nan,0.45109301805496216,0.11881159991025925,0.6201443076133728,0,nan
GF6_WFV_E131.8_N31.4_20200918_L1A1120036753-2_20992_512.png,0,classification,0.04746055603027344,0.04746055603027344,0.0,0.023787688463926315,0.023789385333657265,0.0009814457735046744,0.04125856007375507,0.999148964881897,nan,1.0100062581841485e-06,nan,0.4520561695098877,0.06909000873565674,0.6156488060951233,0,nan
GF6_WFV_E131.8_N31.4_20200918_L1A1120036753-2_21904_9728.png,0,classification,0.009599447250366211,0.009599447250366211,0.0,0.0015397147508338094,0.0015402738936245441,0.00012315050116740167,0.07998267282995851,0.996802568435669,nan,1.2587426567733928e-07,nan,0.4464235305786133,0.1041073352098465,0.8128558993339539,0,nan
GF6_WFV_E131.8_N31.4_20200918_L1A1120036753-2_22016_512.png,1,classification,0.6994826197624207,0.6994826197624207,0.0,0.02905208058655262,0.029047857969999313,0.00032225705217570066,0.011092391514460561,0.9999384880065918,3.610432202094671e-07,3.610414580634824e-07,1.0000048807303021,0.45231524109840393,0.08222010731697083,0.6083299517631531,0,0.5015056133270264
GF6_WFV_E131.8_N31.4_20200918_L1A1120036753-2_22416_16773.png,0,classification,0.008365154266357422,0.008365154266357422,0.0,0.0008676429279148579,0.000868658593390137,7.094693864928558e-05,0.0817697423291251,0.9966614246368408,nan,6.910537564408514e-08,nan,0.44926437735557556,0.13292041420936584,0.6273411512374878,0,nan
GF6_WFV_E131.8_N31.4_20200918_L1A1120036753-2_22928_16773.png,0,classification,0.007612943649291992,0.007612943649291992,0.0,0.0013571202289313078,0.001357709290459752,8.360487117897719e-05,0.0616046164493573,0.9981033802032471,nan,8.361121217603795e-08,nan,0.4485768675804138,0.13570764660835266,0.6428083181381226,0,nan
GF6_WFV_E131.8_N31.4_20200918_L1A1120036753-2_22928_512.png,0,classification,0.019823551177978516,0.019823551177978516,0.0,0.004082320258021355,0.004085182677954435,0.00033522554440423846,0.08211642478209628,0.9966310858726501,nan,3.4396060755170765e-07,nan,0.45473146438598633,0.07996883243322372,0.5777026414871216,0,nan
GF6_WFV_E131.8_N31.4_20200918_L1A1120036753-2_23440_9216.png,1,classification,1.474489450454712,1.474489450454712,0.0,0.16592621803283691,0.16594593226909637,0.005293508060276508,0.0319027825923744,0.9994910955429077,5.541030077438336e-06,5.541037808143301e-06,0.9999986048272484,0.4540049433708191,0.10730146616697311,0.5731536149978638,1,nan
GF6_WFV_E131.8_N31.4_20200918_L1A1120036753-2_5632_12288.png,0,classification,0.018398523330688477,0.018398523330688477,0.0,0.006140084471553564,0.006141623016446829,0.0002642839099280536,0.0430423899137636,0.9990739822387695,nan,2.716583367146086e-07,nan,0.45392119884490967,0.06799431890249252,0.5847380757331848,0,nan
GF6_WFV_E131.8_N31.4_20200918_L1A1120036753-3_8704_5120.png,0,classification,0.01234579086303711,0.01234579086303711,0.0,0.00344997295178473,0.0034501398913562298,0.00016128309653140604,0.04674909014807538,0.9989073276519775,nan,1.621552314645669e-07,nan,0.4475085735321045,0.10600768029689789,0.7004997730255127,0,nan
GF6_WFV_E131.8_N38.0_20200910_L1A1120034675-1_10240_11264.png,1,classification,1.499935269355774,1.499935269355774,0.0,0.08776241540908813,0.08773176372051239,0.0035161355044692755,0.04006425174238272,0.9991971850395203,3.923828899132786e-06,3.9238279896380845e-06,1.0000002317876076,0.4565121531486511,0.08876246213912964,0.5345848798751831,0,0.015004743821918964
GF6_WFV_E131.8_N38.0_20200910_L1A1120034675-1_11776_11264.png,0,classification,0.05885815620422363,0.05885815620422363,0.0,0.020196042954921722,0.02020256407558918,0.0011182980379089713,0.05537213603699754,0.9984675645828247,nan,1.1083546951340395e-06,nan,0.4556482136249542,0.09290970116853714,0.5702617764472961,0,nan
GF6_WFV_E131.8_N38.0_20200910_L1A1120034675-1_12928_13824.png,1,classification,1.059908151626587,1.059908151626587,0.0,0.06494463235139847,0.06494329869747162,0.0027768416330218315,0.042757061399579036,0.9990859627723694,2.821591351676034e-06,2.8215906695550075e-06,1.0000002417505252,0.45591890811920166,0.09788418561220169,0.5341528654098511,0,0.5221317410469055
GF6_WFV_E131.8_N38.0_20200910_L1A1120034675-1_13440_10752.png,0,classification,1.96136474609375,1.96136474609375,0.0,0.2105928212404251,0.21049778163433075,0.008137663826346397,0.03864169622883756,0.9992530941963196,nan,8.975036507763434e-06,nan,0.46244457364082336,0.08204145729541779,0.5646359920501709,0,nan
GF6_WFV_E131.8_N38.0_20200910_L1A1120034675-1_13440_14336.png,0,classification,0.05148673057556152,0.05148673057556152,0.0,0.025074124336242676,0.025074169039726257,0.0008722932543605566,0.0347885829496237,0.9993948936462402,nan,9.31167619455664e-07,nan,0.4587075710296631,0.08043473958969116,0.5423509478569031,0,nan
GF6_WFV_E131.8_N38.0_20200910_L1A1120034675-1_8704_10240.png,0,classification,0.010452032089233398,0.010452032089233398,0.0,0.003441043198108673,0.003439296269789338,0.00013845994544681162,0.04023778182235969,0.999190092086792,nan,1.5216437532217242e-07,nan,0.44359201192855835,0.1359018087387085,0.9770388007164001,0,nan
GF6_WFV_E131.8_N38.0_20200910_L1A1120034675-1_9216_10240.png,0,classification,0.18068134784698486,0.18068134784698486,0.0,0.08060046285390854,0.08058406412601471,0.0033472981303930283,0.041529514991249315,0.9991374611854553,nan,3.736826329259202e-06,nan,0.4567646384239197,0.08153374493122101,0.6338914036750793,0,nan
GF6_WFV_E131.8_N38.0_20200910_L1A1120034675-1_9728_11264.png,2,classification,0.7780640125274658,0.7780640125274658,0.0,0.03901327773928642,0.03899918869137764,0.0007517361082136631,0.01926872469514818,0.9998143911361694,8.689373203196737e-07,8.689369792591606e-07,1.0000003925031633,0.44878846406936646,0.10666510462760925,0.8753477334976196,0,0.4967639446258545
GF6_WFV_E131.8_N38.0_20200910_L1A1120034675-2_0_17285.png,3,classification,2.1392247676849365,2.1392247676849365,0.0,0.1706847995519638,0.17069999873638153,0.004478831309825182,0.02624036423619335,0.9996557235717773,4.9518894229549915e-06,4.951892151439097e-06,0.9999994490017104,0.4450978636741638,0.11407170444726944,0.9166932106018066,3,nan
GF6_WFV_E131.8_N38.0_20200910_L1A1120034675-2_1024_4096.png,0,classification,0.011625289916992188,0.011625289916992188,0.0,0.0010048276744782925,0.0010081330547109246,9.333914204034954e-05,0.09289069599800913,0.995705246925354,nan,9.337996687008854e-08,nan,0.4602334499359131,0.11056038737297058,0.4982592761516571,0,nan
GF6_WFV_E131.8_N38.0_20200910_L1A1120034675-2_1024_4608.png,1,classification,1.2962895631790161,1.2962895631790161,0.0,0.047387078404426575,0.04738469421863556,0.0009041064768098295,0.019079177430895888,0.9998179078102112,9.305733215114742e-07,9.305736057285685e-07,0.999999694578599,0.4609561562538147,0.10735831409692764,0.49032676219940186,0,0.4685403108596802
GF6_WFV_E131.8_N38.0_20200910_L1A1120034675-2_12800_4096.png,0,classification,0.045411109924316406,0.045411109924316406,0.0,0.02196391113102436,0.021948160603642464,0.0013851610710844398,0.06306531941516912,0.9980101585388184,nan,1.463295916437346e-06,nan,0.4465436041355133,0.08847220987081528,0.6811352372169495,0,nan
GF6_WFV_E131.8_N38.0_20200910_L1A1120034675-2_13312_4608.png,1,classification,0.723982572555542,0.723982572555542,0.0,0.0321909599006176,0.032184842973947525,0.0006784359575249255,0.021075356547908014,0.9997779130935669,7.061847782097175e-07,7.061860856083513e-07,0.9999981486485496,0.44105997681617737,0.09629617631435394,0.7751234769821167,0,0.5492753386497498
GF6_WFV_E131.8_N38.0_20200910_L1A1120034675-2_14848_15872.png,0,classification,0.007755756378173828,0.007755756378173828,0.0,0.00347641808912158,0.0034772069193422794,0.0001355445565422997,0.03898971673356729,0.9992399215698242,nan,1.3756448424828704e-07,nan,0.43458622694015503,0.1287887692451477,0.9364182353019714,0,nan
GF6_WFV_E131.8_N38.0_20200910_L1A1120034675-2_1536_12800.png,1,classification,1.1779338121414185,1.1779338121414185,0.0,0.04496102035045624,0.04495828226208687,0.0013394347624853253,0.029791022357697306,0.999556303024292,1.3929046644989285e-06,1.3929063698014943e-06,0.9999987757234781,0.4596801996231079,0.10067369043827057,0.501864492893219,0,0.5347197651863098
GF6_WFV_E131.8_N38.0_20200910_L1A1120034675-2_17408_15360.png,1,classification,1.5579878091812134,1.5579878091812134,0.0,0.09136074036359787,0.09129584580659866,0.005403181072324514,0.059141169946969684,0.9982501864433289,5.720618901250418e-06,5.720622539229225e-06,0.999999364058932,0.45916861295700073,0.0806504637002945,0.6083204746246338,0,0.5833023190498352
GF6_WFV_E131.8_N38.0_20200910_L1A1120034675-2_17920_15872.png,0,classification,0.02462005615234375,0.02462005615234375,0.0,0.009159673005342484,0.009162821806967258,0.0003577189054340124,0.03905367639492903,0.9992377758026123,nan,3.479260612948565e-07,nan,0.46222856640815735,0.10735538601875305,0.5143621563911438,0,nan
GF6_WFV_E131.8_N38.0_20200910_L1A1120034675-2_18432_11776.png,0,classification,0.010752439498901367,0.010752439498901367,0.0,0.0013712950749322772,0.0013735111569985747,0.00011598796845646575,0.0845827937230752,0.9964299201965332,nan,1.1316484460621723e-07,nan,0.45568230748176575,0.09904573112726212,0.5904739499092102,0,nan
GF6_WFV_E131.8_N38.0_20200910_L1A1120034675-2_18944_11264.png,1,classification,1.23475980758667,1.23475980758667,0.0,0.10256405919790268,0.10254444181919098,0.002987643936648965,0.02912954069889288,0.9995756149291992,3.2897337405302096e-06,3.2897407891141484e-06,0.9999978574044611,0.45211195945739746,0.09852071851491928,0.6863085031509399,1,nan
GF6_WFV_E131.8_N38.0_20200910_L1A1120034675-2_20480_3072.png,1,classification,1.1694982051849365,1.1694982051849365,0.0,0.06365213543176651,0.06364202499389648,0.0009953688131645322,0.015637634250802827,0.9998778104782104,1.165796220448101e-06,1.165794174085022e-06,1.0000017553382274,0.4583309292793274,0.09130736440420151,0.6495364308357239,0,0.46863889694213867
GF6_WFV_E131.8_N38.0_20200910_L1A1120034675-2_2048_2048.png,1,classification,0.843999981880188,0.843999981880188,0.0,0.03237643092870712,0.03236870840191841,0.0007541789673268795,0.023294073673147637,0.9997286796569824,8.888708862286876e-07,8.888702609510801e-07,1.0000007034520502,0.4594687223434448,0.10542318969964981,0.5115371346473694,0,0.4868580400943756
GF6_WFV_E131.8_N38.0_20200910_L1A1120034675-2_20992_3072.png,0,classification,0.030455350875854492,0.030455350875854492,0.0,0.009982075542211533,0.009987223893404007,0.00048481905832886696,0.0485689630657168,0.9988212585449219,nan,4.711953636160615e-07,nan,0.4602624475955963,0.1008695513010025,0.5554436445236206,0,nan
GF6_WFV_E131.8_N38.0_20200910_L1A1120034675-2_2560_10752.png,2,classification,1.1627891063690186,1.1627891063690186,0.0,0.03771388530731201,0.03771057352423668,0.001387365278787911,0.036786591131699894,0.9993233680725098,1.4010998938829289e-06,1.4010990980750648e-06,1.000000567988278,0.4601529836654663,0.08697858452796936,0.5057547092437744,0,0.5248833298683167
GF6_WFV_E131.8_N38.0_20200910_L1A1120034675-2_2560_14848.png,0,classification,0.013210058212280273,0.013210058212280273,0.0,0.0021214040461927652,0.002124428516253829,0.00013825199857819825,0.06517004567155225,0.9978805184364319,nan,1.3651427366312419e-07,nan,0.45726126432418823,0.09130460768938065,0.5443511605262756,0,nan
GF6_WFV_E131.8_N38.0_20200910_L1A1120034675-2_3072_12288.png,1,classification,1.0559941530227661,1.0559941530227661,0.0,0.050641175359487534,0.050635818392038345,0.0016028042882680893,0.03165021895503471,0.9994991421699524,1.6490369034727337e-06,1.6490358802911942e-06,1.0000006204725753,0.4584220349788666,0.09721285104751587,0.51535964012146,0,0.5176037549972534
GF6_WFV_E131.8_N38.0_20200910_L1A1120034675-2_3072_12800.png,1,classification,1.2022435665130615,1.2022435665130615,0.0,0.046314943581819534,0.046294551342725754,0.0016209702007472515,0.03499885944767829,0.9993875026702881,1.7427167904315866e-06,1.7427161083105602e-06,1.0000003914125903,0.4586031436920166,0.10308264940977097,0.5131130814552307,0,0.6283630728721619
GF6_WFV_E131.8_N38.0_20200910_L1A1120034675-2_3584_12288.png,0,classification,0.012570381164550781,0.012570381164550781,0.0,0.0012827935861423612,0.0012861801078543067,0.00010407702211523429,0.08113310141206466,0.9967209100723267,nan,1.0167511277359154e-07,nan,0.45893120765686035,0.10926718264818192,0.5141206383705139,0,nan
GF6_WFV_E131.8_N38.0_20200910_L1A1120034675-2_4096_16773.png,0,classification,0.013057708740234375,0.013057708740234375,0.0,0.001492882613092661,0.001495793811045587,0.00011495725630084053,0.07700354689153668,0.9970430135726929,nan,1.1125189303129446e-07,nan,0.4576992392539978,0.11013591289520264,0.5267548561096191,0,nan
GF6_WFV_E131.8_N38.0_20200910_L1A1120034675-2_4096_6656.png,0,classification,0.011942386627197266,0.011942386627197266,0.0,0.0010950586292892694,0.00109844037797302,9.710863378131762e-05,0.08867893570625023,0.9960846900939941,nan,9.706339909598682e-08,nan,0.4596092700958252,0.10765644162893295,0.501137912273407,0,nan
GF6_WFV_E131.8_N38.0_20200910_L1A1120034675-2_4608_6144.png,1,classification,1.7149062156677246,1.7149062156677246,0.0,0.0995725691318512,0.09955475479364395,0.0022155269980430603,0.0222503749512511,0.9997524619102478,2.4666087483637966e-06,2.466611476847902e-06,0.9999988938330455,0.4594823122024536,0.10263731330633163,0.4985119104385376,1,nan
GF6_WFV_E131.8_N38.0_20200910_L1A1120034675-2_5120_10240.png,1,classification,0.759701669216156,0.759701669216156,0.0,0.02632134035229683,0.026320194825530052,0.0004567025462165475,0.017351036843254647,0.9998494982719421,5.246802174951881e-07,5.246805017122824e-07,0.9999994583044474,0.45828622579574585,0.1010938212275505,0.5158998370170593,0,0.5587300658226013
GF6_WFV_E131.8_N38.0_20200910_L1A1120034675-2_5120_17285.png,0,classification,0.09567272663116455,0.09567272663116455,0.0,0.05505630373954773,0.055056650191545486,0.0018459289567545056,0.033528021886230414,0.9994379878044128,nan,1.7999311694438802e-06,nan,0.4552185535430908,0.09240824729204178,0.571421205997467,0,nan
GF6_WFV_E131.8_N38.0_20200910_L1A1120034675-2_512_17285.png,3,classification,1.1678683757781982,1.1678683757781982,0.0,0.035297930240631104,0.03528284281492233,0.0012245916295796633,0.03469301517770149,0.9993979930877686,1.4073098100197967e-06,1.4073091278987704e-06,1.0000004846987864,0.45465511083602905,0.08464221656322479,0.5567161440849304,0,0.30763736367225647
GF6_WFV_E131.8_N38.0_20200910_L1A1120034675-2_6144_10240.png,0,classification,0.011327266693115234,0.011327266693115234,0.0,0.0013120422372594476,0.0013144485419616103,9.374452201882377e-05,0.07144931722216075,0.9974539279937744,nan,9.237586340304915e-08,nan,0.4578770399093628,0.10376723855733871,0.5312016606330872,0,nan
GF6_WFV_E131.8_N38.0_20200910_L1A1120034675-2_6656_2048.png,1,classification,1.1753485202789307,1.1753485202789307,0.0,0.04222714900970459,0.04222205653786659,0.0010405259672552347,0.0246411607616726,0.9996964335441589,1.1331942459946731e-06,1.1331924270052696e-06,1.000001605190222,0.46166908740997314,0.10419689118862152,0.4859791696071625,0,0.531308650970459
GF6_WFV_E131.8_N38.0_20200910_L1A1120034675-2_7680_2560.png,0,classification,0.01226949691772461,0.01226949691772461,0.0,0.0011121638817712665,0.0011155565734952688,0.00010248121543554589,0.09214578634969799,0.995772123336792,nan,1.045568893687232e-07,nan,0.46034806966781616,0.11054696887731552,0.49422019720077515,0,nan
GF6_WFV_E131.8_N38.0_20200910_L1A1120034675-2_9728_7168.png,0,classification,0.12715721130371094,0.12715721130371094,0.0,0.06535273790359497,0.06535322219133377,0.003147411160171032,0.04816035656859446,0.9988402724266052,nan,3.211099283362273e-06,nan,0.4505607485771179,0.08597090095281601,0.748820424079895,0,nan
GF6_WFV_E131.8_N38.0_20200910_L1A1120034675-3_0_5632.png,0,classification,0.057204484939575195,0.057204484939575195,0.0,0.0295129232108593,0.029518695548176765,0.0011162293376401067,0.037821713886660654,0.9992849230766296,nan,1.107065259020601e-06,nan,0.4650156497955322,0.09746485203504562,0.4999658465385437,0,nan
GF6_WFV_E131.8_N38.0_20200910_L1A1120034675-3_11281_3072.png,1,classification,0.7143426537513733,0.7143426537513733,0.0,0.022201452404260635,0.022198932245373726,0.00026724894996732473,0.01203745345579452,0.9999275207519531,3.182771877163759e-07,3.182776140420174e-07,0.9999986605226926,0.46738171577453613,0.11219891160726547,0.46797415614128113,0,0.5377933979034424
GF6_WFV_E131.8_N38.0_20200910_L1A1120034675-3_2048_9216.png,0,classification,0.020974159240722656,0.020974159240722656,0.0,0.006105574779212475,0.006108646281063557,0.00030263091321103275,0.04956632653839472,0.998772382736206,nan,2.9587636163341813e-07,nan,0.4640088677406311,0.107854463160038,0.5013085007667542,0,nan
GF6_WFV_E131.8_N38.0_20200910_L1A1120034675-3_4096_2560.png,0,classification,0.04938817024230957,0.04938817024230957,0.0,0.022693654522299767,0.022697310894727707,0.0007504255627281964,0.03306763844451742,0.9994534254074097,nan,7.450719863300037e-07,nan,0.4619239866733551,0.11731553077697754,0.5046847462654114,0,nan
GF6_WFV_E131.8_N38.0_20200910_L1A1120034675-3_5120_0.png,1,classification,1.016626238822937,1.016626238822937,0.0,0.034482091665267944,0.03448693826794624,0.001086138072423637,0.03149861333724278,0.9995039701461792,1.1341302297296352e-06,1.134129888669122e-06,1.000000300724385,0.46297210454940796,0.10511984676122665,0.5063978433609009,0,0.3878019452095032
GF6_WFV_E131.8_N38.0_20200910_L1A1120034675-3_5632_2048.png,1,classification,0.7491477131843567,0.7491477131843567,0.0,0.02645087242126465,0.026448441669344902,0.0002869594609364867,0.010848771124304823,0.9999411106109619,3.3291061640738917e-07,3.3291041745542316e-07,1.0000005976141195,0.46197059750556946,0.1085164025425911,0.5074617862701416,0,0.5374454259872437
GF6_WFV_E131.9_N22.4_20190604_L1A1119887740-1_2560_10752.png,0,classification,0.05681300163269043,0.05681300163269043,0.0,0.022210190072655678,0.022206995636224747,0.0015167453093454242,0.0682905145963961,0.9976679086685181,nan,1.5958694348228164e-06,nan,0.45751768350601196,0.10464183241128922,0.7785547375679016,0,nan
GF6_WFV_E131.9_N22.4_20190604_L1A1119887740-2_16896_2048.png,0,classification,0.010388612747192383,0.010388612747192383,0.0,0.002023175358772278,0.0020234850235283375,0.00012276026245672256,0.060677025312930406,0.9981595873832703,nan,1.2758005141222384e-07,nan,0.4428589344024658,0.11172261089086533,0.7172704339027405,0,nan
GF6_WFV_E131.9_N22.4_20190604_L1A1119887740-2_21904_3072.png,1,classification,1.1216044425964355,1.1216044425964355,0.0,0.059118639677762985,0.05910445749759674,0.0022657709196209908,0.03832582975472697,0.9992654919624329,2.4929681785579305e-06,2.492967951184255e-06,1.0000000912060163,0.44457828998565674,0.1032019779086113,0.7003635764122009,0,0.48582911491394043
GF6_WFV_E131.9_N22.4_20190604_L1A1119887740-3_8192_9728.png,1,classification,0.7489205002784729,0.7489205002784729,0.0,0.021848758682608604,0.021846435964107513,0.0004333793476689607,0.019835421955295172,0.9998032450675964,4.887493787464336e-07,4.887493219030148e-07,1.0000001163038317,0.4374622702598572,0.10711822658777237,0.8604208827018738,0,0.5728467106819153
GF6_WFV_E131.9_N26.9_20190523_L1A1119882283-1_1024_13824.png,1,classification,0.9960370659828186,0.9960370659828186,0.0,0.03290565311908722,0.032903533428907394,0.0010190539760515094,0.03096896367209311,0.999520480632782,1.1021255659215967e-06,1.1021264754162985e-06,0.9999991747819129,0.4699462056159973,0.09414231777191162,0.4764193892478943,0,0.43015459179878235
GF6_WFV_E131.9_N26.9_20190523_L1A1119882283-1_1536_13824.png,2,classification,1.2016103267669678,1.2016103267669678,0.0,0.03349866718053818,0.03349173069000244,0.0011790760327130556,0.03519769984753504,0.9993804097175598,1.1866842442032066e-06,1.1866832210216671e-06,1.0000008622196062,0.4493335485458374,0.11292586475610733,0.9055458903312683,0,0.5016463845968246
GF6_WFV_E131.9_N26.9_20190523_L1A1119882283-1_1536_16896.png,1,classification,1.9350112676620483,1.9350112676620483,0.0,0.17443163692951202,0.1744033396244049,0.00471298536285758,0.027019097256778608,0.9996349811553955,5.02040347782895e-06,5.020421667722985e-06,0.9999963768194707,0.4533824324607849,0.09892448782920837,0.7939746379852295,1,nan
GF6_WFV_E131.9_N26.9_20190523_L1A1119882283-1_2048_13312.png,1,classification,0.7383235692977905,0.7383235692977905,0.0,0.028220629319548607,0.028219399973750114,0.00029497596551664174,0.0104524942437166,0.999945342540741,3.066200804369146e-07,3.066210183533258e-07,0.9999969411215962,0.46179115772247314,0.0811464786529541,0.6562160849571228,0,0.5518321990966797
GF6_WFV_E131.9_N26.9_20190523_L1A1119882283-1_2560_12800.png,0,classification,0.014413833618164062,0.014413833618164062,0.0,0.001378379762172699,0.0013812024844810367,0.0001348072401015088,0.09780123286852105,0.9952293038368225,nan,1.4036737638889463e-07,nan,0.4702906608581543,0.11521946638822556,0.43492794036865234,0,nan
GF6_WFV_E131.9_N26.9_20190523_L1A1119882283-1_512_13824.png,0,classification,0.014146804809570312,0.014146804809570312,0.0,0.0016350612277165055,0.0016364497132599354,0.00013052065332885832,0.07982615642543302,0.9968169331550598,nan,1.358206560553299e-07,nan,0.4714285731315613,0.1119750589132309,0.4377072751522064,0,nan
GF6_WFV_E131.9_N26.9_20190523_L1A1119882283-1_512_14848.png,0,classification,0.015165328979492188,0.015165328979492188,0.0,0.001416048384271562,0.0014183110324665904,0.00014593101514037699,0.10305510515125953,0.9946995973587036,nan,1.536292870696343e-07,nan,0.47008490562438965,0.11713974922895432,0.4359373450279236,0,nan
GF6_WFV_E131.9_N26.9_20190523_L1A1119882283-1_6656_3072.png,0,classification,0.013217449188232422,0.013217449188232422,0.0,0.001185696106404066,0.0011877985671162605,0.0001212584029417485,0.10226769092587844,0.994781494140625,nan,1.2687409878253675e-07,nan,0.4697548449039459,0.11566620320081711,0.44318318367004395,0,nan
GF6_WFV_E131.9_N26.9_20190523_L1A1119882283-1_7680_3584.png,0,classification,2.062333583831787,2.062333583831787,0.0,0.1916029006242752,0.19151727855205536,0.00850879680365324,0.044408496823013205,0.9990136623382568,nan,9.460412002226803e-06,nan,0.47072383761405945,0.11350584030151367,0.43427714705467224,0,nan
GF6_WFV_E131.9_N26.9_20190523_L1A1119882283-1_8704_1536.png,1,classification,1.7626959085464478,1.7626959085464478,0.0,0.08888427913188934,0.08886197209358215,0.004030094016343355,0.045340909052807556,0.9989718794822693,4.4538201109389775e-06,4.453818746696925e-06,1.0000003063083907,0.463695764541626,0.08677169680595398,0.6093741059303284,0,0.4817250072956085
GF6_WFV_E131.9_N26.9_20190523_L1A1119882283-1_9216_7680.png,0,classification,0.01774883270263672,0.01774883270263672,0.0,0.0034817964769899845,0.0034849855583161116,0.0002005361020565033,0.057595584170923995,0.9983432292938232,nan,1.9738554613013548e-07,nan,0.4634508490562439,0.12126705795526505,0.5160653591156006,0,nan
GF6_WFV_E131.9_N26.9_20190523_L1A1119882283-2_14848_13312.png,0,classification,0.015657663345336914,0.015657663345336914,0.0,0.004572522826492786,0.0045765237882733345,0.00034636116470210254,0.0757483730196637,0.9971338510513306,nan,3.555406067334843e-07,nan,0.4311681091785431,0.13175874948501587,0.729424774646759,0,nan
GF6_WFV_E131.9_N26.9_20190523_L1A1119882283-2_1536_5120.png,0,classification,0.02547931671142578,0.02547931671142578,0.0,0.006529016885906458,0.00653338897973299,0.00034262900589965284,0.05247788631688978,0.9986242055892944,nan,3.464415954113065e-07,nan,0.45130470395088196,0.144008606672287,0.6326258778572083,0,nan
GF6_WFV_E131.9_N26.9_20190523_L1A1119882283-3_3072_2048.png,1,classification,0.9206423163414001,0.9206423163414001,0.0,0.04921545460820198,0.04919721186161041,0.0014589374186471105,0.029643887885655574,0.9995605945587158,1.5687629684180138e-06,1.5687605809944216e-06,1.0000015218533798,0.4351034164428711,0.16284391283988953,0.7619047164916992,0,0.2750428020954132
GF6_WFV_E132.0_N24.7_20200530_L1A1120002373-1_12416_8192.png,0,classification,0.01590752601623535,0.01590752601623535,0.0,0.0022974410094320774,0.0022992005106061697,0.00021134079725015908,0.09198965126090532,0.9957724809646606,nan,2.2017795231477066e-07,nan,0.44117724895477295,0.11818240582942963,0.9419496655464172,0,nan
GF6_WFV_E132.0_N24.7_20200530_L1A1120002373-2_9728_16777.png,0,classification,0.012433290481567383,0.012433290481567383,0.0,0.0017779567278921604,0.001780907972715795,0.00016284729645121843,0.09159238461572711,0.99581378698349,nan,1.6701935123819567e-07,nan,0.4486182928085327,0.0998174399137497,0.6140294075012207,0,nan
GF6_WFV_E132.0_N26.9_20190302_L1A1119852268-1_0_14848.png,1,classification,0.8571054339408875,0.8571054339408875,0.0,0.03975532576441765,0.03975551202893257,0.00035589555045589805,0.008952147759142161,0.9999600052833557,3.8075972952356096e-07,3.8076063901826274e-07,0.9999976113741585,0.46604934334754944,0.0913216695189476,0.5225734114646912,0,0.5139085650444031
GF6_WFV_E132.0_N26.9_20190302_L1A1119852268-1_2048_16777.png,0,classification,0.015330076217651367,0.015330076217651367,0.0,0.002416392555460334,0.0024163376074284315,0.00019740195421036333,0.08169283329577108,0.9966632127761841,nan,1.879379851743579e-07,nan,0.461797297000885,0.09016087651252747,0.7110766768455505,0,nan
GF6_WFV_E132.0_N26.9_20190302_L1A1119852268-1_2560_12288.png,0,classification,0.03465604782104492,0.03465604782104492,0.0,0.010550986044108868,0.010551168583333492,0.0005199961015023291,0.04928412371397917,0.9987856149673462,nan,5.579929052146326e-07,nan,0.4592372179031372,0.0873582661151886,0.7280699610710144,0,nan
GF6_WFV_E132.0_N26.9_20190302_L1A1119852268-1_2560_16384.png,0,classification,0.026060104370117188,0.026060104370117188,0.0,0.00819206703454256,0.008194823749363422,0.00038690032670274377,0.0472286573182745,0.9988852739334106,nan,3.5956918509327807e-07,nan,0.46785470843315125,0.09575092047452927,0.5814511775970459,0,nan
GF6_WFV_E132.0_N26.9_20190302_L1A1119852268-1_3584_16384.png,0,classification,0.019152164459228516,0.019152164459228516,0.0,0.003704324597492814,0.0037082626949995756,0.00028358635609038174,0.07655548228206582,0.9970732927322388,nan,2.7887477926924475e-07,nan,0.4734255075454712,0.09854836016893387,0.448978066444397,0,nan
GF6_WFV_E132.0_N26.9_20190302_L1A1119852268-1_3584_16896.png,0,classification,0.09346508979797363,0.09346508979797363,0.0,0.032394103705883026,0.032408006489276886,0.0020679240114986897,0.06383643240368889,0.9979634284973145,nan,1.9949634406657424e-06,nan,0.4741816520690918,0.09355626255273819,0.4657076597213745,0,nan
GF6_WFV_E132.0_N26.9_20190302_L1A1119852268-1_3584_17289.png,0,classification,0.08535587787628174,0.08535587787628174,0.0,0.03454182669520378,0.03455222770571709,0.0014295666478574276,0.04138653871643466,0.9991438388824463,nan,1.435738795407815e-06,nan,0.4689505696296692,0.0914548709988594,0.6016190052032471,0,nan
GF6_WFV_E132.0_N26.9_20190302_L1A1119852268-1_5120_14848.png,0,classification,0.0221402645111084,0.0221402645111084,0.0,0.0048199906013906,0.0048224665224552155,0.00036017742240801454,0.07472575201787757,0.9972095489501953,nan,3.438193232341291e-07,nan,0.4689359664916992,0.08946932852268219,0.5875555872917175,0,nan
GF6_WFV_E132.0_N26.9_20190302_L1A1119852268-1_6144_17289.png,1,classification,0.9925139546394348,0.9925139546394348,0.0,0.08926643431186676,0.08926456421613693,0.002215455984696746,0.024818466221656073,0.999691903591156,2.2857657313579693e-06,2.285765049236943e-06,1.0000002984213214,0.45027464628219604,0.10160824656486511,0.8789036273956299,0,0.2953732907772064
GF6_WFV_E132.0_N26.9_20190302_L1A1119852268-1_7680_17289.png,0,classification,0.014199256896972656,0.014199256896972656,0.0,0.0027595229912549257,0.0027601069305092096,0.00016478453471791,0.059714862039606444,0.9982175827026367,nan,1.6075146902494453e-07,nan,0.47306370735168457,0.09396278858184814,0.5481510162353516,0,nan
GF6_WFV_E132.0_N26.9_20190703_L1A1119896315-1_9216_10240.png,0,classification,0.15104663372039795,0.15104663372039795,0.0,0.07666115462779999,0.07666090130805969,0.0024250377900898457,0.03163320200254906,0.9994997382164001,nan,2.4928367565735243e-06,nan,0.45810794830322266,0.08418160676956177,0.6272847652435303,0,nan
GF6_WFV_E132.0_N26.9_20190703_L1A1119896315-1_9216_7168.png,0,classification,0.015024900436401367,0.015024900436401367,0.0,0.0037224595434963703,0.003724399721249938,0.00021631021809298545,0.05810948797842761,0.9983125925064087,nan,2.1843435149548895e-07,nan,0.44497984647750854,0.0961412638425827,0.7697293758392334,0,nan
GF6_WFV_E132.0_N26.9_20190703_L1A1119896315-2_20480_0.png,0,classification,0.008289337158203125,0.008289337158203125,0.0,0.002179812639951706,0.0021797085646539927,0.0001122852336266078,0.05151141504945833,0.9986732006072998,nan,1.1990209713985678e-07,nan,0.4466041326522827,0.09677308052778244,0.7545231580734253,0,nan
GF6_WFV_E132.0_N26.9_20190703_L1A1119896315-2_20992_0.png,1,classification,1.3389326333999634,1.3389326333999634,0.0,0.22924919426441193,0.22928088903427124,0.00649254908785224,0.028320924349089966,0.9995990991592407,6.95570497555309e-06,6.955699518584879e-06,1.0000007845319074,0.44438034296035767,0.09805680811405182,0.7753932476043701,1,nan
GF6_WFV_E132.0_N26.9_20190703_L1A1119896315-2_21504_512.png,0,classification,0.016941308975219727,0.016941308975219727,0.0,0.005000689532607794,0.00500202551484108,0.00025456989533267915,0.050906958664943214,0.9987046718597412,nan,2.7126046120429237e-07,nan,0.4427662193775177,0.10954272747039795,0.6857123970985413,0,nan
GF6_WFV_E132.0_N26.9_20190703_L1A1119896315-2_3072_1024.png,0,classification,0.022478342056274414,0.022478342056274414,0.0,0.003986774478107691,0.003989575896412134,0.00034457776928320527,0.08643021349097177,0.9962677955627441,nan,3.539415160958015e-07,nan,0.4456881284713745,0.08178488165140152,0.7071800231933594,0,nan
GF6_WFV_E132.0_N26.9_20190703_L1A1119896315-3_0_13312.png,0,classification,0.004342555999755859,0.004342555999755859,0.0,0.0005341934156604111,0.0005343832890503109,4.243450894136913e-05,0.07943660048469207,0.996846079826355,nan,4.708419965027133e-08,nan,0.44105252623558044,0.10962372273206711,0.8376181125640869,0,nan
GF6_WFV_E132.0_N26.9_20190703_L1A1119896315-3_11793_4096.png,0,classification,0.02462601661682129,0.02462601661682129,0.0,0.006950396578758955,0.006954841315746307,0.00040791946230456233,0.05869009885726541,0.9982790946960449,nan,4.156672162025643e-07,nan,0.4549521207809448,0.07360116392374039,0.5583493709564209,0,nan
GF6_WFV_E132.0_N26.9_20190703_L1A1119896315-3_1536_13312.png,1,classification,4.456020832061768,4.456020832061768,0.0,0.48188894987106323,0.4817812740802765,0.011099615134298801,0.023033553969786343,0.9997346997261047,1.2259763025213033e-05,1.2259744835318998e-05,1.0000014837090232,0.4436219036579132,0.10158539563417435,0.8152692914009094,0,nan
GF6_WFV_E132.0_N26.9_20190703_L1A1119896315-3_1536_13824.png,0,classification,0.0046024322509765625,0.0046024322509765625,0.0,0.0004526119737420231,0.0004522653471212834,4.2296305764466524e-05,0.09344937433885543,0.9956305027008057,nan,4.496553884791865e-08,nan,0.4407154321670532,0.09979306161403656,0.8002035021781921,0,nan
GF6_WFV_E132.0_N26.9_20190703_L1A1119896315-3_9216_11776.png,1,classification,1.8074742555618286,1.8074742555618286,0.0,0.13979840278625488,0.13978061079978943,0.002528318203985691,0.018085458442979277,0.9998363256454468,2.9234925023047253e-06,2.9234977318992605e-06,0.9999982111857046,0.4489815831184387,0.10950268059968948,0.6288238763809204,1,nan
GF6_WFV_E132.4_N24.7_20190604_L1A1119887742-1_12416_4608.png,0,classification,0.01987147331237793,0.01987147331237793,0.0,0.0045048538595438,0.004506637807935476,0.0003328540187794715,0.07388786166154991,0.9972715973854065,nan,3.3698239576551714e-07,nan,0.47231626510620117,0.10543175786733627,0.4428272545337677,0,nan
GF6_WFV_E132.4_N24.7_20190604_L1A1119887742-2_1536_3072.png,1,classification,1.7985566854476929,1.7985566854476929,0.0,0.13203279674053192,0.1320098340511322,0.002571790013462305,0.01947841806696205,0.9998102188110352,2.975245934067061e-06,2.9752454793197103e-06,1.0000001528436406,0.4707637429237366,0.11249997466802597,0.44799357652664185,1,nan
GF6_WFV_E132.4_N24.7_20190604_L1A1119887742-2_22016_4096.png,0,classification,0.03744316101074219,0.03744316101074219,0.0,0.011611967347562313,0.011610168032348156,0.000889460148755461,0.07659857474041075,0.9970659017562866,nan,9.593159120413475e-07,nan,0.43831080198287964,0.0956825241446495,0.731742262840271,0,nan
GF6_WFV_E132.4_N24.7_20190604_L1A1119887742-2_4608_2048.png,1,classification,0.9801601767539978,0.9801601767539978,0.0,0.04270843043923378,0.042698074132204056,0.000945667561609298,0.022142409633966964,0.9997549057006836,1.1264720569670317e-06,1.126472739088058e-06,0.9999993944629083,0.46504372358322144,0.11179862171411514,0.5017220973968506,0,0.5978392958641052
GF6_WFV_E132.4_N24.7_20190604_L1A1119887742-2_512_1024.png,0,classification,0.013440132141113281,0.013440132141113281,0.0,0.0013139668153598905,0.0013159522786736488,0.00013200571993365884,0.10046351124743054,0.9949623346328735,nan,1.4034803541562724e-07,nan,0.4702686071395874,0.11814431846141815,0.44612979888916016,0,nan
GF6_WFV_E132.4_N24.7_20190604_L1A1119887742-2_512_3072.png,1,classification,1.2908843755722046,1.2908843755722046,0.0,0.1349765509366989,0.1349644660949707,0.004724288824945688,0.035000811564382596,0.9993875026702881,4.986800831829896e-06,4.986788098904071e-06,1.0000025533320391,0.4697820544242859,0.11132585257291794,0.4531187415122986,1,nan
GF6_WFV_E132.4_N35.8_20200914_L1A1120035552-1_10240_10752.png,1,classification,1.0165281295776367,1.0165281295776367,0.0,0.036100734025239944,0.03609959036111832,0.0003018090792465955,0.008360192317297059,0.9999650716781616,3.2410270023319754e-07,3.241002559661865e-07,1.0000075417003413,0.4693165123462677,0.11825717240571976,0.4621565341949463,0,0.48973843455314636
GF6_WFV_E132.4_N35.8_20200914_L1A1120035552-1_10240_14336.png,6,classification,0.8548524975776672,0.8548524975776672,0.0,0.012898529879748821,0.012890497222542763,0.000479349895613268,0.03716314185276769,0.999309241771698,5.77920559408085e-07,5.779205025646661e-07,1.0000000983585435,0.4711698293685913,0.09876303374767303,0.454232394695282,0,0.5255922377109528
GF6_WFV_E132.4_N35.8_20200914_L1A1120035552-1_10240_5120.png,3,classification,0.8215774893760681,0.8215774893760681,0.0,0.019204849377274513,0.01919277012348175,0.0006641961517743766,0.03458481442506565,0.9994018077850342,7.82248037012323e-07,7.822486622899305e-07,0.9999992006664408,0.4673379063606262,0.11627084016799927,0.48631685972213745,0,0.507070779800415
GF6_WFV_E132.4_N35.8_20200914_L1A1120035552-1_10240_9216.png,9,classification,0.869886040687561,0.869886040687561,0.0,0.013374950736761093,0.013366369530558586,0.00042482969001866877,0.031763084468866346,0.9994953870773315,4.938916617902578e-07,4.938918323205144e-07,0.9999996547214483,0.4689885675907135,0.09320951998233795,0.4869335889816284,0,0.5448803901672363
GF6_WFV_E132.4_N35.8_20200914_L1A1120035552-1_10240_9728.png,0,classification,0.010241508483886719,0.010241508483886719,0.0,0.0010536608751863241,0.0010545129189267755,7.117817585822195e-05,0.0675532114121967,0.9977205395698547,nan,6.81136498315027e-08,nan,0.46817946434020996,0.12252279371023178,0.4739167094230652,0,nan
GF6_WFV_E132.4_N35.8_20200914_L1A1120035552-1_10752_13824.png,2,classification,0.8531865477561951,0.8531865477561951,0.0,0.02212696708738804,0.022124694660305977,0.0005543352453969419,0.02505247299404638,0.9996861815452576,6.490624855359783e-07,6.490626560662349e-07,0.9999997372668802,0.47171178460121155,0.1139586865901947,0.4438663721084595,0,0.6429160237312317
GF6_WFV_E132.4_N35.8_20200914_L1A1120035552-1_10752_4096.png,0,classification,0.009316444396972656,0.009316444396972656,0.0,0.001017458038404584,0.0010177360381931067,5.949796468485147e-05,0.05847706975527632,0.9982907176017761,nan,5.611929054794018e-08,nan,0.4670144319534302,0.12922096252441406,0.48855748772621155,0,nan
GF6_WFV_E132.4_N35.8_20200914_L1A1120035552-1_10752_4608.png,1,classification,0.8445028066635132,0.8445028066635132,0.0,0.02440936490893364,0.024399952962994576,0.000646247121039778,0.026475376293106936,0.9996495246887207,7.39860922749358e-07,7.398612638098712e-07,0.9999995390209897,0.4673312306404114,0.12700596451759338,0.4808100461959839,0,0.428009957075119
GF6_WFV_E132.4_N35.8_20200914_L1A1120035552-1_10752_6144.png,0,classification,0.00884103775024414,0.00884103775024414,0.0,0.0008663791231811047,0.000866805377881974,5.076399975223467e-05,0.05859328600375698,0.9982843995094299,nan,4.914695850288808e-08,nan,0.46931296586990356,0.12576831877231598,0.45881932973861694,0,nan
GF6_WFV_E132.4_N35.8_20200914_L1A1120035552-1_11264_13312.png,2,classification,1.027273178100586,1.027273178100586,0.0,0.04111258685588837,0.04110689461231232,0.000576505612116307,0.014022606121505505,0.9999017119407654,6.642644621024374e-07,6.642631547038036e-07,1.0000019681938168,0.4698137640953064,0.11093775182962418,0.46224913001060486,0,0.29854699061252177
GF6_WFV_E132.4_N35.8_20200914_L1A1120035552-1_11264_2560.png,1,classification,0.8316332697868347,0.8316332697868347,0.0,0.03267979249358177,0.032676223665475845,0.0007887026877142489,0.024134262415195815,0.9997087717056274,9.036092478709179e-07,9.036081678459595e-07,1.0000011952359404,0.46401211619377136,0.12052930891513824,0.5316625833511353,0,0.6688927412033081
GF6_WFV_E132.4_N35.8_20200914_L1A1120035552-1_11264_4608.png,0,classification,0.008219242095947266,0.008219242095947266,0.0,0.0006855411338619888,0.0006859705899842083,4.923815140500665e-05,0.07182377391072661,0.9974223375320435,nan,4.5833015605012406e-08,nan,0.46529364585876465,0.12301905453205109,0.5179978013038635,0,nan
GF6_WFV_E132.4_N35.8_20200914_L1A1120035552-1_11776_14336.png,0,classification,0.008862018585205078,0.008862018585205078,0.0,0.0007717430125921965,0.0007724081515334547,5.241356120677665e-05,0.06791582217340135,0.997696042060852,nan,5.29219370548617e-08,nan,0.4724370837211609,0.12437792122364044,0.4277048408985138,0,nan
GF6_WFV_E132.4_N35.8_20200914_L1A1120035552-1_11776_5120.png,0,classification,0.009634971618652344,0.009634971618652344,0.0,0.0010098458733409643,0.001010238309390843,7.009064574958757e-05,0.06940727055476333,0.9975923299789429,nan,6.698172683172743e-08,nan,0.46299344301223755,0.12575890123844147,0.5461823344230652,0,nan
GF6_WFV_E132.4_N35.8_20200914_L1A1120035552-1_11904_10752.png,1,classification,0.6435286402702332,0.6435286402702332,0.0,0.03244279325008392,0.03244011476635933,0.00029775488656014204,0.009177843728340863,0.9999578595161438,3.545876552379923e-07,3.5458799629850546e-07,0.999999038149862,0.4623362421989441,0.11869735270738602,0.558641254901886,0,0.6448488831520081
GF6_WFV_E132.4_N35.8_20200914_L1A1120035552-1_11904_14848.png,1,classification,0.900582492351532,0.900582492351532,0.0,0.028476273640990257,0.02847270481288433,0.0006702179089188576,0.02353601167654571,0.9997230172157288,7.216451649583178e-07,7.216459607661818e-07,0.9999988972322894,0.47219401597976685,0.11644116789102554,0.4390290379524231,0,0.6745684146881104
GF6_WFV_E132.4_N35.8_20200914_L1A1120035552-1_12416_10240.png,1,classification,0.791395366191864,0.791395366191864,0.0,0.03833070397377014,0.03832545131444931,0.0006199298659339547,0.016173192810603615,0.9998692274093628,7.551816452178173e-07,7.551827252427756e-07,0.9999985698494918,0.4617425501346588,0.11304280161857605,0.5605729222297668,0,0.7443805932998657
GF6_WFV_E132.4_N35.8_20200914_L1A1120035552-1_12416_5120.png,0,classification,0.015540122985839844,0.015540122985839844,0.0,0.0034638242796063423,0.003466121619567275,0.00020129216136410832,0.05811269426952133,0.9983128309249878,nan,1.9277584328847297e-07,nan,0.4642513394355774,0.11792492866516113,0.5316295623779297,0,nan
GF6_WFV_E132.4_N35.8_20200914_L1A1120035552-1_13440_10752.png,0,classification,0.020914316177368164,0.020914316177368164,0.0,0.004144882783293724,0.0041466038674116135,0.0003418652049731463,0.0824788595593248,0.9966000318527222,nan,3.2902670454859617e-07,nan,0.46420249342918396,0.08963384479284286,0.6993659138679504,0,nan
GF6_WFV_E132.4_N35.8_20200914_L1A1120035552-1_13440_13824.png,3,classification,1.072569489479065,1.072569489479065,0.0,0.031444430351257324,0.031410764902830124,0.001243409002199769,0.039543060195716045,0.9992178678512573,1.4224918913896545e-06,1.4224905271476018e-06,1.0000009590517664,0.46883857250213623,0.08674328029155731,0.5801889300346375,0,0.4212237298488617
GF6_WFV_E132.4_N35.8_20200914_L1A1120035552-1_6144_17285.png,8,classification,1.101433515548706,1.101433515548706,0.0,0.04795007035136223,0.04795115813612938,0.0006013993988744915,0.012542200552942591,0.999921441078186,6.430301482396317e-07,6.430307735172391e-07,0.9999990276085792,0.4651219844818115,0.07502488046884537,0.6328839063644409,1,0.5287883877754211
GF6_WFV_E132.4_N35.8_20200914_L1A1120035552-1_6656_17285.png,8,classification,0.9998011589050293,0.9998011589050293,0.0,0.03086031787097454,0.030855217948555946,0.0017173062078654766,0.05564771610731454,0.9984514117240906,1.8427191434966517e-06,1.8427191434966517e-06,1.0,0.44696080684661865,0.09938299655914307,0.8793082237243652,2,0.5080940425395966
GF6_WFV_E132.4_N35.8_20200914_L1A1120035552-1_7168_5632.png,0,classification,0.07622480392456055,0.07622480392456055,0.0,0.01895042508840561,0.018959639593958855,0.0012698976788669825,0.06701156691434541,0.9977558851242065,nan,1.385625864713802e-06,nan,0.437888503074646,0.1300041675567627,0.927988588809967,0,nan
GF6_WFV_E132.4_N35.8_20200914_L1A1120035552-1_7680_1024.png,1,classification,1.5810127258300781,1.5810127258300781,0.0,0.09876740723848343,0.09876041114330292,0.0014651642413809896,0.01483449127952918,0.9998899698257446,1.5784287370479433e-06,1.578428054926917e-06,1.0000004321521176,0.47244638204574585,0.11915282160043716,0.429094523191452,0,0.5107972621917725
GF6_WFV_E132.4_N35.8_20200914_L1A1120035552-1_8192_13824.png,0,classification,0.05623674392700195,0.05623674392700195,0.0,0.028195694088935852,0.028197217732667923,0.0010648306924849749,0.03776572015309318,0.9992870092391968,nan,1.124953541875584e-06,nan,0.4400953948497772,0.16868555545806885,1.1501073837280273,0,nan
GF6_WFV_E132.4_N35.8_20200914_L1A1120035552-1_8192_6656.png,0,classification,0.5260109901428223,0.5260109901428223,0.0,0.17372696101665497,0.17375928163528442,0.008842412382364273,0.05089833109736239,0.9987050294876099,nan,9.074827175936662e-06,nan,0.46944135427474976,0.09607547521591187,0.48739486932754517,0,nan
GF6_WFV_E132.4_N35.8_20200914_L1A1120035552-1_8704_16384.png,4,classification,0.9226850271224976,0.9226850271224976,0.0,0.022847872227430344,0.02282901480793953,0.0009264327236451209,0.04054787747512342,0.9991775751113892,1.0175784836974344e-06,1.0175785973842721e-06,0.9999998882770943,0.4714888334274292,0.10454365611076355,0.4502519369125366,0,0.39624036848545074
GF6_WFV_E132.4_N35.8_20200914_L1A1120035552-1_8704_6144.png,4,classification,0.961749255657196,0.961749255657196,0.0,0.020467979833483696,0.020472494885325432,0.0006216610781848431,0.0303723710518741,0.9995390176773071,6.210879632817523e-07,6.210881906554278e-07,0.9999996339108055,0.4686625003814697,0.10436471551656723,0.47864893078804016,0,0.5305291712284088
GF6_WFV_E132.4_N35.8_20200914_L1A1120035552-1_9216_10240.png,0,classification,0.9222522974014282,0.9222522974014282,0.0,0.3452470302581787,0.34538733959198,0.01609160006046295,0.04660894562490375,0.9989143013954163,nan,1.6456811863463372e-05,nan,0.4590834975242615,0.09092485904693604,0.8005246520042419,0,nan
GF6_WFV_E132.4_N35.8_20200914_L1A1120035552-1_9216_12288.png,2,classification,0.9432591795921326,0.9432591795921326,0.0,0.03501782566308975,0.03501418977975845,0.001133776269853115,0.03237711789307817,0.9994757771492004,1.2447914059521281e-06,1.2447909512047772e-06,1.0000003653202576,0.4579644203186035,0.08534178882837296,0.7764791250228882,0,0.544832855463028
GF6_WFV_E132.4_N35.8_20200914_L1A1120035552-1_9216_13824.png,43,classification,1.371111512184143,1.371111512184143,0.0,0.0289161279797554,0.028881452977657318,0.003306205617263913,0.11433777093456757,0.9934563636779785,3.574111133275437e-06,3.5741113606491126e-06,0.9999999363831586,0.4576120376586914,0.07619830965995789,0.6683295965194702,17,0.5026745200157166
GF6_WFV_E132.4_N35.8_20200914_L1A1120035552-1_9216_14848.png,3,classification,0.8969303965568542,0.8969303965568542,0.0,0.0249988604336977,0.025001881644129753,0.00036219271714799106,0.0144883691042079,0.9998950958251953,3.723548900325113e-07,3.723555153101188e-07,0.9999983207510518,0.46727707982063293,0.10410107672214508,0.4700120687484741,0,0.5528568029403687
GF6_WFV_E132.4_N35.8_20200914_L1A1120035552-1_9216_16384.png,2,classification,0.6716006994247437,0.6716006994247437,0.0,0.017347343266010284,0.017340028658509254,0.00043466786155477166,0.02505673951852,0.9996859431266785,5.059137038188055e-07,5.059143859398318e-07,0.9999986517066024,0.4721753001213074,0.11174944788217545,0.4337502121925354,0,0.5372405648231506
GF6_WFV_E132.4_N35.8_20200914_L1A1120035552-1_9216_4608.png,0,classification,2.8007924556732178,2.8007924556732178,0.0,0.4282372295856476,0.42812037467956543,0.021806130185723305,0.05092067825775543,0.9987032413482666,nan,2.2902248019818217e-05,nan,0.47000187635421753,0.11159788817167282,0.459902286529541,0,nan
GF6_WFV_E132.4_N35.8_20200914_L1A1120035552-1_9216_8704.png,3,classification,0.9185529351234436,0.9185529351234436,0.0,0.02199445851147175,0.021988768130540848,0.0007619594107382,0.03464324481281416,0.9993997812271118,8.970376939032576e-07,8.97037921276933e-07,0.9999997465283573,0.470602422952652,0.1114448755979538,0.44648340344429016,0,0.5181264281272888
GF6_WFV_E132.4_N35.8_20200914_L1A1120035552-1_9728_5632.png,1,classification,0.7004731893539429,0.7004731893539429,0.0,0.0234999917447567,0.023495765402913094,0.0005128742777742445,0.021824445018738217,0.9997619390487671,5.902637099097774e-07,5.902651878386678e-07,0.9999974961611817,0.4691968560218811,0.12269514799118042,0.4622373580932617,0,0.5489986538887024
GF6_WFV_E132.4_N35.8_20200914_L1A1120035552-2_11264_0.png,0,classification,0.08706080913543701,0.08706080913543701,0.0,0.04586125165224075,0.04585348442196846,0.0023508742451667786,0.05126057751308487,0.9986861348152161,nan,2.518372184567852e-06,nan,0.43431609869003296,0.1353577822446823,0.8230469822883606,0,nan
GF6_WFV_E132.4_N35.8_20200914_L1A1120035552-2_12288_5120.png,1,classification,1.4893749952316284,1.4893749952316284,0.0,0.09868936240673065,0.09868186712265015,0.0012455739779397845,0.012621157413160427,0.9999204277992249,1.3756414318777388e-06,1.3756459793512477e-06,0.9999966942995675,0.43181002140045166,0.12758509814739227,0.8309929370880127,0,0.3951966166496277
GF6_WFV_E132.4_N35.8_20200914_L1A1120035552-2_12800_5632.png,0,classification,0.0288238525390625,0.0288238525390625,0.0,0.012349388562142849,0.012347687967121601,0.0007557276403531432,0.061195551225089184,0.9981273412704468,nan,7.953167369123548e-07,nan,0.4279879629611969,0.11818371713161469,0.919249415397644,0,nan
GF6_WFV_E132.4_N35.8_20200914_L1A1120035552-2_2048_11776.png,0,classification,0.02013254165649414,0.02013254165649414,0.0,0.004788647405803204,0.004791324492543936,0.00026916558272205293,0.0562091045575542,0.9984212517738342,nan,2.762276665180252e-07,nan,0.4568387269973755,0.09994020313024521,0.8548651337623596,0,nan
GF6_WFV_E132.4_N35.8_20200914_L1A1120035552-2_3072_11264.png,1,classification,5.549699306488037,5.549699306488037,0.0,0.48032402992248535,0.48025640845298767,0.016885364428162575,0.03515411134206118,0.9993820190429688,1.766889363352675e-05,1.7668891814537346e-05,1.0000001029486978,0.4664027690887451,0.08722927421331406,0.6142388582229614,0,nan
GF6_WFV_E132.4_N35.8_20200914_L1A1120035552-2_512_10240.png,0,classification,0.014822721481323242,0.014822721481323242,0.0,0.003980269189924002,0.003981791902333498,0.0002161476731998846,0.05430478766286952,0.9985262155532837,nan,2.1569404395904712e-07,nan,0.45384716987609863,0.1088395044207573,0.9084562063217163,0,nan
GF6_WFV_E132.4_N35.8_20200914_L1A1120035552-3_10240_15360.png,0,classification,0.06520199775695801,0.06520199775695801,0.0,0.028663422912359238,0.02867114543914795,0.0012491487432271242,0.043579887407254145,0.9990506172180176,nan,1.2072250683559105e-06,nan,0.4628463387489319,0.11272640526294708,0.6213628053665161,0,nan
GF6_WFV_E132.4_N35.8_20200914_L1A1120035552-3_10752_14336.png,1,classification,1.1825186014175415,1.1825186014175415,0.0,0.05854000523686409,0.058512963354587555,0.0016739765414968133,0.028595428625665185,0.9995909929275513,1.83450151780562e-06,1.8345069747738307e-06,0.9999970253761443,0.46758246421813965,0.11158213019371033,0.5700146555900574,1,nan
GF6_WFV_E132.4_N35.8_20200914_L1A1120035552-3_10752_17285.png,0,classification,0.020520925521850586,0.020520925521850586,0.0,0.004651713650673628,0.004654219374060631,0.00028839102014899254,0.06199672675622022,0.9980794191360474,nan,2.8293482046137797e-07,nan,0.4625231623649597,0.10269580781459808,0.6707122325897217,0,nan
GF6_WFV_E132.4_N35.8_20200914_L1A1120035552-3_10752_7168.png,3,classification,1.1067396402359009,1.1067396402359009,0.0,0.03911310434341431,0.039113208651542664,0.0012076186249032617,0.030875039073869757,0.999523401260376,1.1754235629268805e-06,1.1754241313610692e-06,0.9999995164007838,0.46645039319992065,0.06983115524053574,0.5510239005088806,0,0.4549717903137207
GF6_WFV_E132.4_N35.8_20200914_L1A1120035552-3_10769_12800.png,1,classification,0.953234851360321,0.953234851360321,0.0,0.028232678771018982,0.028235817328095436,0.0009891738882288337,0.0350364871945565,0.9993863105773926,9.789149544303655e-07,9.789129080672865e-07,1.0000020904444737,0.46484610438346863,0.09152119606733322,0.6745344400405884,0,0.43584102392196655
GF6_WFV_E132.4_N35.8_20200914_L1A1120035552-3_10769_14848.png,1,classification,0.839249849319458,0.839249849319458,0.0,0.02915969118475914,0.029154140502214432,0.0006469062063843012,0.02218494709993427,0.9997538924217224,7.75089517901506e-07,7.750866188871441e-07,1.0000037402456594,0.46571624279022217,0.11535343527793884,0.5884219408035278,0,0.4938400387763977
GF6_WFV_E132.4_N35.8_20200914_L1A1120035552-3_10769_8192.png,3,classification,1.1518855094909668,1.1518855094909668,0.0,0.08038775622844696,0.0803612470626831,0.0035065209958702326,0.04362008793858303,0.9990483522415161,3.833001755992882e-06,3.833001301245531e-06,1.00000011864002,0.45201534032821655,0.10542076081037521,0.833585798740387,2,0.34817469120025635
GF6_WFV_E132.4_N35.8_20200914_L1A1120035552-3_11264_7168.png,1,classification,1.6163573265075684,1.6163573265075684,0.0,0.1209593415260315,0.12094934284687042,0.0066658491268754005,0.05510817968069752,0.9984813928604126,7.1629651756666135e-06,7.162961992435157e-06,1.0000004444015562,0.4608248770236969,0.07708118110895157,0.6424479484558105,0,0.4961455762386322
GF6_WFV_E132.4_N35.8_20200914_L1A1120035552-3_11264_7680.png,5,classification,1.4968816041946411,1.4968816041946411,0.0,0.04218846559524536,0.04218955338001251,0.0026377816684544086,0.06252376404871399,0.9980453252792358,2.794534793792991e-06,2.79453433904564e-06,1.0000001627274155,0.4579107165336609,0.07742155343294144,0.7298524379730225,2,0.510436475276947
GF6_WFV_E132.4_N35.8_20200914_L1A1120035552-3_11793_14848.png,1,classification,0.8478160500526428,0.8478160500526428,0.0,0.023455200716853142,0.02345525100827217,0.0003852436493616551,0.016424657968705764,0.9998650550842285,4.348064521764172e-07,4.3480608269419463e-07,1.0000008497632331,0.4598316252231598,0.09940660744905472,0.7283322215080261,0,0.5476018190383911
GF6_WFV_E132.4_N35.8_20200914_L1A1120035552-3_11793_8704.png,5,classification,1.128641963005066,1.128641963005066,0.0,0.024701543152332306,0.02469783090054989,0.00039871418266557157,0.01614126616328119,0.999869704246521,4.618161995040282e-07,4.618161995040282e-07,1.0,0.4668296277523041,0.08159275352954865,0.5013290643692017,0,0.4568865895271301
GF6_WFV_E132.4_N35.8_20200914_L1A1120035552-3_12305_16773.png,0,classification,0.05119061470031738,0.05119061470031738,0.0,0.021914828568696976,0.021919526159763336,0.0009060064912773669,0.041342166489565964,0.9991456866264343,nan,9.438139159101411e-07,nan,0.4582585394382477,0.09195540100336075,0.7247393131256104,0,nan
GF6_WFV_E132.4_N35.8_20200914_L1A1120035552-3_12305_8192.png,5,classification,1.4293913841247559,1.4293913841247559,0.0,0.09352606534957886,0.09352808445692062,0.003341651987284422,0.03572963296161447,0.9993616938591003,3.4307563510083128e-06,3.430757942624041e-06,0.9999995360746067,0.4624621868133545,0.07884843647480011,0.6464143991470337,3,0.42926691472530365
GF6_WFV_E132.4_N35.8_20200914_L1A1120035552-3_8704_17285.png,0,classification,0.2563859224319458,0.2563859224319458,0.0,0.09705492109060287,0.09707481414079666,0.004627364221960306,0.04767779078034138,0.9988635778427124,nan,4.892651304544415e-06,nan,0.4448032081127167,0.11556366086006165,0.9117322564125061,0,nan
GF6_WFV_E132.5_N26.9_20200530_L1A1120002375-3_8704_14336.png,1,classification,1.7916773557662964,1.7916773557662964,0.0,0.08509579300880432,0.0850789025425911,0.002297063823789358,0.026993858833323236,0.999635636806488,2.4409755496890284e-06,2.440983053020318e-06,0.9999969261026699,0.4473126530647278,0.08423865586519241,0.6660282611846924,1,nan
GF6_WFV_E133.0_N29.1_20200419_L1A1119988598-3_10769_16384.png,0,classification,0.011886358261108398,0.011886358261108398,0.0,0.002264823066070676,0.0022665075957775116,0.00016705809684935957,0.07376209618846508,0.9972820281982422,nan,1.7264522966797813e-07,nan,0.4438350796699524,0.08987854421138763,0.7318213582038879,0,nan
GF6_WFV_E133.0_N29.1_20200419_L1A1119988598-3_5120_6144.png,0,classification,0.012063026428222656,0.012063026428222656,0.0,0.0013148455182090402,0.001316915499046445,0.00010673219367163256,0.0811747024220862,0.9967117309570312,nan,1.0712744824559195e-07,nan,0.45182526111602783,0.08572372794151306,0.5896060466766357,0,nan
GF6_WFV_E133.0_N29.1_20200530_L1A1120002372-2_6656_6144.png,0,classification,0.0206296443939209,0.0206296443939209,0.0,0.004264811985194683,0.004266918636858463,0.00032167675090022385,0.07542577539570944,0.997157096862793,nan,3.177245275765017e-07,nan,0.45031315088272095,0.08538610488176346,0.7666329741477966,0,nan
GF6_WFV_E133.0_N38.0_20200914_L1A1120035551-1_11264_16777.png,1,classification,1.2793306112289429,1.2793306112289429,0.0,0.06186139956116676,0.06184310466051102,0.0013542965753003955,0.021892433486916284,0.9997603893280029,1.504354145254183e-06,1.5043528946989682e-06,1.0000008312911282,0.4694218635559082,0.10031580179929733,0.5194682478904724,0,0.019789792597293854
GF6_WFV_E133.0_N38.0_20200914_L1A1120035551-1_11264_17289.png,0,classification,0.6981570720672607,0.6981570720672607,0.0,0.22227510809898376,0.2223488837480545,0.011862643994390965,0.05336919682931064,0.9985764026641846,nan,1.1345660823280923e-05,nan,0.4706249535083771,0.09980832785367966,0.48585450649261475,0,nan
GF6_WFV_E133.0_N38.0_20200914_L1A1120035551-1_7168_16777.png,1,classification,1.00594961643219,1.00594961643219,0.0,0.04043044149875641,0.0404309406876564,0.0005187506321817636,0.012830694223255508,0.99991774559021,6.112223331911082e-07,6.112184109952068e-07,1.0000064170120384,0.4708031117916107,0.11136722564697266,0.4474448561668396,0,0.47907334566116333
GF6_WFV_E133.1_N26.9_20200603_L1A1120004043-1_11904_17961.png,0,classification,0.013286590576171875,0.013286590576171875,0.0,0.0013935825554654002,0.0013967689592391253,0.00013615026546176523,0.09769802652006974,0.9952409863471985,nan,1.375811820025774e-07,nan,0.4667932391166687,0.10892464220523834,0.47851675748825073,0,nan
GF6_WFV_E133.1_N26.9_20200603_L1A1120004043-1_12416_18473.png,0,classification,0.012557029724121094,0.012557029724121094,0.0,0.0011919197859242558,0.0011932598426938057,0.00011832328891614452,0.09927118444836668,0.9950786828994751,nan,1.201970576403255e-07,nan,0.465785413980484,0.10447707772254944,0.5152690410614014,0,nan
GF6_WFV_E133.1_N26.9_20200603_L1A1120004043-1_2560_8704.png,1,classification,0.9156938791275024,0.9156938791275024,0.0,0.029085906222462654,0.029082071036100388,0.0006240811781026423,0.021456480445524947,0.9997698068618774,6.954848004170344e-07,6.954834361749818e-07,1.000001961573751,0.45434778928756714,0.08248160779476166,0.6856095790863037,0,0.5501282811164856
GF6_WFV_E133.1_N26.9_20200603_L1A1120004043-1_8704_7168.png,0,classification,0.013266563415527344,0.013266563415527344,0.0,0.0016186943976208568,0.0016204731073230505,0.00013674992078449577,0.08448161739824987,0.9964358806610107,nan,1.327764778125129e-07,nan,0.46895861625671387,0.09832534939050674,0.5245917439460754,0,nan
GF6_WFV_E133.1_N26.9_20200603_L1A1120004043-2_12800_5632.png,0,classification,0.021497249603271484,0.021497249603271484,0.0,0.009134860709309578,0.00913545023649931,0.00025383569300174713,0.02778758221710556,0.9996140003204346,nan,2.40043334542861e-07,nan,0.4493024945259094,0.09910496324300766,0.6223845481872559,0,nan
GF6_WFV_E133.1_N26.9_20200603_L1A1120004043-2_4096_15872.png,0,classification,0.008051395416259766,0.008051395416259766,0.0,0.0007660163682885468,0.0007668003090657294,5.632394095300697e-05,0.07352837783198725,0.9973000884056091,nan,5.3426827406610755e-08,nan,0.4545030891895294,0.12703591585159302,0.5738512277603149,0,nan
GF6_WFV_E133.1_N26.9_20200603_L1A1120004043-2_4608_13312.png,0,classification,0.007286548614501953,0.007286548614501953,0.0,0.0007192558841779828,0.0007196629885584116,4.4349009840516374e-05,0.0616595718103879,0.9981002807617188,nan,4.2103067698917584e-08,nan,0.4526558518409729,0.13699717819690704,0.5829083323478699,0,nan
GF6_WFV_E133.1_N26.9_20200603_L1A1120004043-2_6144_17408.png,1,classification,1.1757477521896362,1.1757477521896362,0.0,0.0605870746076107,0.06056589260697365,0.0015162916388362646,0.025026652114439506,0.9996868968009949,1.7697315115583478e-06,1.7697332168609137e-06,0.9999990364069852,0.4443606734275818,0.1403571218252182,0.6528369188308716,0,0.06327318400144577
GF6_WFV_E133.1_N26.9_20200603_L1A1120004043-2_8704_3584.png,1,classification,0.946830689907074,0.946830689907074,0.0,0.04651087149977684,0.04650404676795006,0.000740372110158205,0.01591825924314829,0.9998732805252075,8.449010806543811e-07,8.448997164123284e-07,1.0000016146792645,0.44482842087745667,0.07888446003198624,0.6500080823898315,0,0.4716709852218628
GF6_WFV_E133.6_N33.6_20200305_L1A1119973496-1_0_1536.png,0,classification,0.008175849914550781,0.008175849914550781,0.0,0.0007500561187043786,0.000751907005906105,5.648008664138615e-05,0.07530114778471234,0.9971749782562256,nan,5.666207414378732e-08,nan,0.46919751167297363,0.11192810535430908,0.4461577236652374,0,nan
GF6_WFV_E133.6_N33.6_20200305_L1A1119973496-1_0_512.png,4,classification,0.8699460029602051,0.8699460029602051,0.0,0.01876523718237877,0.018758757039904594,0.0005455685895867646,0.02907336498251528,0.9995772838592529,6.153729259494867e-07,6.153725280455546e-07,1.00000064660659,0.46873098611831665,0.097127266228199,0.45959553122520447,0,0.4444017857313156
GF6_WFV_E133.6_N33.6_20200305_L1A1119973496-1_1024_13312.png,1,classification,1.8335492610931396,1.8335492610931396,0.0,0.11715491861104965,0.1171482503414154,0.0017278629820793867,0.014748531282889053,0.9998912811279297,1.9927331322833197e-06,1.9927365428884514e-06,0.9999982884816642,0.46593061089515686,0.09848499298095703,0.5408259034156799,1,nan
GF6_WFV_E133.6_N33.6_20200305_L1A1119973496-1_11264_8704.png,2,classification,1.6140649318695068,1.6140649318695068,0.0,0.06706884503364563,0.06704029440879822,0.0025144903920590878,0.0374911837351258,0.9992970824241638,2.644629375936347e-06,2.6446305128047243e-06,0.9999995701220372,0.44338560104370117,0.11024437844753265,0.9257740378379822,1,0.5915172696113586
GF6_WFV_E133.6_N33.6_20200305_L1A1119973496-1_11904_9728.png,0,classification,0.01734328269958496,0.01734328269958496,0.0,0.005924156866967678,0.005923443008214235,0.00034714030334725976,0.058597419201180945,0.9982829093933105,nan,3.7509931871682056e-07,nan,0.4453766644001007,0.08887529373168945,0.788629949092865,0,nan
GF6_WFV_E133.6_N33.6_20200305_L1A1119973496-1_12928_9216.png,1,classification,0.8186400532722473,0.8186400532722473,0.0,0.04261038452386856,0.0426030158996582,0.0012630131095647812,0.029640969535426134,0.9995605945587158,1.3690450941794552e-06,1.3690436162505648e-06,1.000001079533824,0.44777175784111023,0.09220723062753677,0.7806291580200195,0,0.3998505175113678
GF6_WFV_E133.6_N33.6_20200305_L1A1119973496-1_2048_10240.png,0,classification,0.01582646369934082,0.01582646369934082,0.0,0.005387225653976202,0.0053896838799119,0.0002665084903128445,0.049470452405523425,0.9987769722938538,nan,2.7343170927451865e-07,nan,0.4725685715675354,0.08839712291955948,0.48405158519744873,0,nan
GF6_WFV_E133.6_N33.6_20200305_L1A1119973496-1_2048_3072.png,3,classification,0.9319949150085449,0.9319949150085449,0.0,0.021334849298000336,0.02132592536509037,0.0008110612980090082,0.03801579690956744,0.9992771744728088,9.526140161142393e-07,9.526139024274016e-07,1.000000119341989,0.4680440127849579,0.10604729503393173,0.4602105915546417,0,0.5873320698738098
GF6_WFV_E133.6_N33.6_20200305_L1A1119973496-1_2560_8704.png,2,classification,0.9026820063591003,0.9026820063591003,0.0,0.029355010017752647,0.02934613823890686,0.0007932811859063804,0.02702370687070582,0.999634861946106,9.285689088756044e-07,9.285697046834684e-07,0.9999991429745554,0.4688037037849426,0.1032513827085495,0.45612427592277527,0,0.5313958525657654
GF6_WFV_E133.6_N33.6_20200305_L1A1119973496-1_3072_15360.png,0,classification,0.02350926399230957,0.02350926399230957,0.0,0.00681955786421895,0.006822570227086544,0.0003930617240257561,0.05763742046798716,0.9983398914337158,nan,4.0470774820278166e-07,nan,0.44972383975982666,0.11043622344732285,0.9156573414802551,0,nan
GF6_WFV_E133.6_N33.6_20200305_L1A1119973496-1_3072_3584.png,0,classification,0.3738987445831299,0.3738987445831299,0.0,0.12456808984279633,0.12454082816839218,0.006742718163877726,0.05412877545434764,0.9985347390174866,nan,7.411741989926668e-06,nan,0.4559953808784485,0.08800480514764786,0.7772347331047058,0,nan
GF6_WFV_E133.6_N33.6_20200305_L1A1119973496-1_3072_8704.png,2,classification,0.8680142164230347,0.8680142164230347,0.0,0.033740509301424026,0.03373689576983452,0.0017274533165618777,0.05119819920705732,0.9986892342567444,1.844961047936522e-06,1.8449624121785746e-06,0.9999992605583486,0.468081533908844,0.10550156235694885,0.461753249168396,0,0.5793552398681641
GF6_WFV_E133.6_N33.6_20200305_L1A1119973496-1_3072_9216.png,1,classification,0.7940172553062439,0.7940172553062439,0.0,0.020161757245659828,0.020164070650935173,0.0005570872453972697,0.02763088745735159,0.9996182322502136,5.639815299218753e-07,5.639802225232415e-07,1.000002318163974,0.47001713514328003,0.09230963885784149,0.48729854822158813,0,0.638176441192627
GF6_WFV_E133.6_N33.6_20200305_L1A1119973496-1_3584_15360.png,1,classification,0.8055985569953918,0.8055985569953918,0.0,0.03760627657175064,0.03761541098356247,0.0012480054283514619,0.03318609397477409,0.9994493722915649,1.246018200617982e-06,1.2460184279916575e-06,0.9999998175198133,0.45297297835350037,0.10046570748090744,0.8716306686401367,0,0.6229365468025208
GF6_WFV_E133.6_N33.6_20200305_L1A1119973496-1_3584_15872.png,0,classification,0.07601618766784668,0.07601618766784668,0.0,0.03178669139742851,0.031789567321538925,0.0014205893967300653,0.04469132628396136,0.9990013241767883,nan,1.5493650380449253e-06,nan,0.444857656955719,0.13256429135799408,1.0141936540603638,0,nan
GF6_WFV_E133.6_N33.6_20200305_L1A1119973496-1_3584_512.png,0,classification,0.10601592063903809,0.10601592063903809,0.0,0.04052348434925079,0.04053225368261337,0.0025893880520015955,0.06389845526818497,0.9979588985443115,nan,2.633366648296942e-06,nan,0.4577710032463074,0.09023535251617432,0.7301067113876343,0,nan
GF6_WFV_E133.6_N33.6_20200305_L1A1119973496-1_5120_8192.png,0,classification,0.03777050971984863,0.03777050971984863,0.0,0.01636580564081669,0.016370462253689766,0.0006621931097470224,0.040461992784241424,0.9991816878318787,nan,7.036603051346901e-07,nan,0.44426149129867554,0.13058263063430786,1.0203139781951904,0,nan
GF6_WFV_E133.6_N33.6_20200305_L1A1119973496-1_512_1024.png,1,classification,1.2664545774459839,1.2664545774459839,0.0,0.06856508553028107,0.06855591386556625,0.0013116301270201802,0.019129708901783726,0.9998170137405396,1.5181883554760134e-06,1.5181816479525878e-06,1.0000044181296979,0.4694276452064514,0.11474671959877014,0.44308069348335266,0,0.5241037607192993
GF6_WFV_E133.6_N33.6_20200305_L1A1119973496-1_5632_11264.png,0,classification,0.047757625579833984,0.047757625579833984,0.0,0.01877407729625702,0.018769510090351105,0.0009006126201711595,0.047971072344030155,0.9988491535186768,nan,9.647193337514182e-07,nan,0.44707125425338745,0.1252266764640808,1.0033965110778809,0,nan
GF6_WFV_E133.6_N33.6_20200305_L1A1119973496-1_6144_15872.png,0,classification,0.5871859788894653,0.5871859788894653,0.0,0.23659086227416992,0.23663583397865295,0.00997712928801775,0.04217039150250823,0.9991110563278198,nan,1.0290834325132892e-05,nan,0.43895721435546875,0.13194304704666138,0.9979332685470581,0,nan
GF6_WFV_E133.6_N33.6_20200305_L1A1119973496-1_7168_15872.png,0,classification,0.9373704791069031,0.9373704791069031,0.0,0.2944948971271515,0.2945563793182373,0.012598392553627491,0.04277966333721563,0.9990851283073425,nan,1.279013667954132e-05,nan,0.45971065759658813,0.08246814459562302,0.7102628946304321,0,nan
GF6_WFV_E133.6_N33.6_20200305_L1A1119973496-1_7680_15360.png,1,classification,1.1381397247314453,1.1381397247314453,0.0,0.0704445093870163,0.07046172767877579,0.0038853706791996956,0.05515505343154271,0.9984793663024902,3.92135325455456e-06,3.921350526070455e-06,1.0000006958021446,0.4602171778678894,0.07130149006843567,0.6465198397636414,0,0.5418622493743896
GF6_WFV_E133.6_N33.6_20200305_L1A1119973496-1_7680_8704.png,1,classification,1.2533025741577148,1.2533025741577148,0.0,0.2016891986131668,0.20169571042060852,0.006932141724973917,0.034370416326902735,0.9994093179702759,7.314533831959125e-06,7.314536105695879e-06,0.9999996891481946,0.45117616653442383,0.1006251871585846,0.8721295595169067,1,nan
GF6_WFV_E133.6_N33.6_20200305_L1A1119973496-1_8704_16773.png,0,classification,0.09975981712341309,0.09975981712341309,0.0,0.04270866885781288,0.0427149161696434,0.00265886215493083,0.06225579551034012,0.9980623722076416,nan,2.7311293706588913e-06,nan,0.4489630460739136,0.10217949002981186,0.8735498189926147,0,nan
GF6_WFV_E133.6_N33.6_20200305_L1A1119973496-1_8704_17285.png,1,classification,0.8971250057220459,0.8971250057220459,0.0,0.048647552728652954,0.04863765090703964,0.001399724162183702,0.028772755949124602,0.9995859861373901,1.5287976111721946e-06,1.5287953374354402e-06,1.0000014872734753,0.4619157910346985,0.08250979334115982,0.6505234241485596,0,0.4535169005393982
GF6_WFV_E133.6_N33.6_20200305_L1A1119973496-2_11264_3584.png,0,classification,0.864431619644165,0.864431619644165,0.0,0.29199591279029846,0.29197779297828674,0.014090596698224545,0.048256143600009675,0.9988355040550232,nan,1.572793917148374e-05,nan,0.4481937289237976,0.14391858875751495,1.029303789138794,0,nan
GF6_WFV_E133.6_N33.6_20200305_L1A1119973496-2_12288_512.png,0,classification,0.1384035348892212,0.1384035348892212,0.0,0.06592413038015366,0.0659111887216568,0.0026466308627277613,0.04014661774779398,0.9991939663887024,nan,2.909944669227116e-06,nan,0.4413507580757141,0.1349719911813736,1.0495469570159912,0,nan
GF6_WFV_E133.6_N33.6_20200305_L1A1119973496-2_13824_512.png,1,classification,1.520033597946167,1.520033597946167,0.0,0.06566378474235535,0.06564939767122269,0.002656887285411358,0.04046198823044046,0.9991812705993652,2.8912168090755586e-06,2.8912181733176112e-06,0.9999995281428204,0.4654424786567688,0.09877729415893555,0.6893913745880127,0,0.49638107419013977
GF6_WFV_E133.6_N33.6_20200305_L1A1119973496-2_17920_1024.png,2,classification,2.167827844619751,2.167827844619751,0.0,0.17541617155075073,0.1754089593887329,0.0013494284357875586,0.007692725384769597,0.9999704957008362,1.482624611526262e-06,1.4826269989498542e-06,0.999998389734172,0.47187888622283936,0.11738740652799606,0.5217693448066711,1,0.15445981919765472
GF6_WFV_E133.6_N33.6_20200305_L1A1119973496-2_2048_12288.png,1,classification,1.1997979879379272,1.1997979879379272,0.0,0.0732254907488823,0.07322198897600174,0.0006376719102263451,0.008708332354004448,0.9999620914459229,7.335324880841654e-07,7.33529361696128e-07,1.0000042621171021,0.4504466652870178,0.10768530517816544,0.8975913524627686,0,0.3119659721851349
GF6_WFV_E133.6_N33.6_20200305_L1A1119973496-2_2048_13824.png,0,classification,0.41591084003448486,0.41591084003448486,0.0,0.12384217977523804,0.12380481511354446,0.008008182980120182,0.06466442204630349,0.9979087114334106,nan,8.53999335959088e-06,nan,0.4403328597545624,0.12537746131420135,0.9865314364433289,0,nan
GF6_WFV_E133.6_N33.6_20200305_L1A1119973496-2_21904_8192.png,0,classification,0.09725534915924072,0.09725534915924072,0.0,0.039302971214056015,0.03930707275867462,0.001677118125371635,0.042671535346209225,0.9990897178649902,nan,1.8298683244211134e-06,nan,0.4411834478378296,0.161821186542511,1.1740527153015137,0,nan
GF6_WFV_E133.6_N33.6_20200305_L1A1119973496-2_3072_13312.png,0,classification,2.05436372756958,2.05436372756958,0.0,0.3828509449958801,0.38280412554740906,0.016994653269648552,0.04438973833493197,0.9990147352218628,nan,1.743957182043232e-05,nan,0.4381500780582428,0.14216141402721405,1.0550730228424072,0,nan
GF6_WFV_E133.6_N33.6_20200305_L1A1119973496-2_4096_7680.png,2,classification,0.7465611100196838,0.7465611100196838,0.0,0.027798790484666824,0.027776069939136505,0.001080558868125081,0.038870715210472646,0.9992443323135376,1.202286284751608e-06,1.202287080559472e-06,0.9999993380883178,0.449704110622406,0.10171516984701157,0.839789092540741,0,0.43175725638866425
GF6_WFV_E133.6_N33.6_20200305_L1A1119973496-2_5632_7168.png,2,classification,0.9344174265861511,0.9344174265861511,0.0,0.029538212344050407,0.029550570994615555,0.00115563056897372,0.03912323994131241,0.9992351531982422,1.1751491229006206e-06,1.1751492365874583e-06,0.9999999032575317,0.45124781131744385,0.10052664577960968,0.8257231712341309,0,0.4626108556985855
GF6_WFV_E133.6_N33.6_20200305_L1A1119973496-2_7168_5632.png,4,classification,1.0569753646850586,1.0569753646850586,0.0,0.045513931661844254,0.04550676420331001,0.0009042756864801049,0.019868107488463526,0.9998027086257935,1.0407852641947102e-06,1.040785718942061e-06,0.9999995630730297,0.4585267901420593,0.08827478438615799,0.7309345602989197,1,0.5016658306121826
GF6_WFV_E133.6_N33.6_20200305_L1A1119973496-2_7680_5120.png,3,classification,1.1679619550704956,1.1679619550704956,0.0,0.09518327564001083,0.09518253803253174,0.002967496169731021,0.03117665524513234,0.9995140433311462,3.1001986826595385e-06,3.100195954175433e-06,1.000000880100531,0.4556373357772827,0.10366623848676682,0.8299202919006348,1,0.424415647983551
GF6_WFV_E133.6_N33.6_20200305_L1A1119973496-2_8192_15360.png,1,classification,1.0046727657318115,1.0046727657318115,0.0,0.04948818311095238,0.04948693886399269,0.00028500184998847544,0.005758987945657695,0.9999833703041077,3.1601666705682874e-07,3.1601527439306665e-07,1.0000044069507867,0.4545069932937622,0.10372034460306168,0.8904441595077515,0,0.5088067650794983
GF6_WFV_E133.6_N33.6_20200305_L1A1119973496-2_8192_15872.png,1,classification,1.011340618133545,1.011340618133545,0.0,0.05340314656496048,0.053406231105327606,0.0004169679887127131,0.007807929223898938,0.999969482421875,4.370991177893302e-07,4.370971566913795e-07,1.0000044866408317,0.452627956867218,0.11205178499221802,0.9405951499938965,0,0.5047167539596558
GF6_WFV_E133.6_N33.6_20200305_L1A1119973496-2_8192_4608.png,1,classification,1.0890947580337524,1.0890947580337524,0.0,0.09981659054756165,0.09979623556137085,0.0030495256651192904,0.03055129060600623,0.9995330572128296,3.2531384022149723e-06,3.253135218983516e-06,1.000000978511879,0.4613744616508484,0.10368140041828156,0.7511874437332153,1,nan
GF6_WFV_E133.6_N33.6_20200305_L1A1119973496-2_8704_15872.png,0,classification,2.8470871448516846,2.8470871448516846,0.0,0.48401886224746704,0.48394709825515747,0.03695650398731232,0.0763534375823919,0.9970846176147461,nan,3.743706474779174e-05,nan,0.46704524755477905,0.09393692016601562,0.6522861123085022,0,nan
GF6_WFV_E133.6_N33.6_20200305_L1A1119973496-2_9216_5120.png,1,classification,1.4669057130813599,1.4669057130813599,0.0,0.08662818372249603,0.08665761351585388,0.004215665627270937,0.04866390412588314,0.9988163709640503,4.234221705701202e-06,4.23421033701743e-06,1.0000026849596186,0.4710502624511719,0.09813188761472702,0.5636314153671265,0,0.43492576479911804
GF6_WFV_E134.3_N40.2_20200918_L1A1120036758-1_6656_8704.png,2,classification,1.1374095678329468,1.1374095678329468,0.0,0.024286741390824318,0.02428865060210228,0.0005157515406608582,0.021235930022942984,0.9997745156288147,5.304840442477143e-07,5.304847832121595e-07,0.999998607001617,0.47412481904029846,0.11695556342601776,0.419296532869339,0,0.4171372503042221
GF6_WFV_E134.3_N40.2_20200918_L1A1120036758-1_7680_12800.png,1,classification,1.647741675376892,1.647741675376892,0.0,0.11068402975797653,0.11066067218780518,0.002750871703028679,0.0248533750446544,0.9996911287307739,3.205846724085859e-06,3.2058458145911573e-06,1.0000002836988284,0.4754880666732788,0.10612624883651733,0.4231211245059967,0,0.00864669494330883
GF6_WFV_E134.3_N40.2_20200918_L1A1120036758-1_7680_16777.png,1,classification,0.8273755311965942,0.8273755311965942,0.0,0.026205137372016907,0.026210688054561615,0.0007140698726288974,0.027249232182671754,0.9996288418769836,7.020673820079537e-07,7.020699399618024e-07,0.9999963565540936,0.4697866141796112,0.10196538269519806,0.5140436887741089,0,0.62913978099823
GF6_WFV_E135.6_N26.9_20200107_L1A1119957261-1_12416_12288.png,0,classification,0.02332139015197754,0.02332139015197754,0.0,0.012153254821896553,0.012152486480772495,0.0004209201142657548,0.034634352725607456,0.9994001984596252,nan,4.45644161573e-07,nan,0.447110116481781,0.11270825564861298,0.9040091633796692,0,nan
GF6_WFV_E135.6_N26.9_20200107_L1A1119957261-2_3584_7680.png,0,classification,0.011745452880859375,0.011745452880859375,0.0,0.002341490238904953,0.0023422834929078817,0.00014389888383448124,0.06145611091754052,0.9981122016906738,nan,1.3924992003921943e-07,nan,0.46502962708473206,0.10554420202970505,0.7321115732192993,0,nan
GF6_WFV_E135.6_N26.9_20200107_L1A1119957261-2_5120_9728.png,1,classification,0.7736945748329163,0.7736945748329163,0.0,0.023972511291503906,0.0239730142056942,0.0005754689336754382,0.02400536709224077,0.9997118711471558,6.214492032086127e-07,6.214477252797224e-07,1.0000023782030736,0.45636487007141113,0.10383270680904388,0.8183332085609436,0,0.6511510014533997
GF6_WFV_E135.6_N26.9_20200107_L1A1119957261-2_5632_10240.png,0,classification,0.005087375640869141,0.005087375640869141,0.0,0.0013160280650481582,0.0013159766094759107,6.013766324031167e-05,0.04569633797141782,0.9989557862281799,nan,6.347889325297729e-08,nan,0.44232434034347534,0.12259213626384735,0.9322781562805176,0,nan
GF6_WFV_E136.0_N26.9_20200913_L1A1120035638-2_15360_3072.png,1,classification,6.570188045501709,6.570188045501709,0.0,0.4844958782196045,0.48446300625801086,0.007058657705783844,0.01456907689642802,0.9998939037322998,7.592149358970346e-06,7.59214617573889e-06,1.0000004192795269,0.4437735974788666,0.09046455472707748,0.7308382391929626,0,nan
GF6_WFV_E136.0_N26.9_20200913_L1A1120035638-2_6144_15805.png,0,classification,0.013405799865722656,0.013405799865722656,0.0,0.0017537714447826147,0.0017536302329972386,0.00016921079077292234,0.09648394679723875,0.9953451156616211,nan,1.7139328178927826e-07,nan,0.45655369758605957,0.10006070137023926,0.6852408051490784,0,nan
GF6_WFV_E136.6_N24.7_20200521_L1A1119999504-2_2560_6144.png,1,classification,1.4811413288116455,1.4811413288116455,0.0,0.10291650146245956,0.10287957638502121,0.003300674492493272,0.032071382582872246,0.9994854927062988,3.683006980281789e-06,3.6830087992711924e-06,0.9999995061132072,0.4562620520591736,0.08515321463346481,0.5606824159622192,0,0.0023203459568321705
GF6_WFV_E136.6_N29.1_20200913_L1A1120035632-1_6656_13312.png,0,classification,0.01896190643310547,0.01896190643310547,0.0,0.004395858384668827,0.0043977778404951096,0.00028062384808436036,0.06383823670550338,0.9979633092880249,nan,2.795251532461407e-07,nan,0.4604971706867218,0.10316648334264755,0.8307470083236694,0,nan
GF6_WFV_E136.6_N29.1_20200913_L1A1120035632-2_12288_17285.png,0,classification,0.04807543754577637,0.04807543754577637,0.0,0.018053822219371796,0.01805671863257885,0.0011112041538581252,0.06154952343918622,0.9981061220169067,nan,1.091931039809424e-06,nan,0.45962607860565186,0.10393800586462021,0.6883201003074646,0,nan
GF6_WFV_E136.6_N29.1_20200913_L1A1120035632-2_13312_15360.png,0,classification,0.014583110809326172,0.014583110809326172,0.0,0.0024882040452212095,0.0024883821606636047,0.0002006371069001034,0.08063531095266992,0.9967491626739502,nan,2.0633578401429986e-07,nan,0.4529329538345337,0.10293974727392197,0.6757808327674866,0,nan
GF6_WFV_E136.6_N29.1_20200913_L1A1120035632-2_19968_12800.png,0,classification,0.2514992952346802,0.2514992952346802,0.0,0.126024067401886,0.12601827085018158,0.005811587441712618,0.046114901395617434,0.9989365935325623,nan,6.140262485132553e-06,nan,0.4357239603996277,0.12232707440853119,0.9488570690155029,0,nan
GF6_WFV_E136.6_N29.1_20200913_L1A1120035632-2_20992_7168.png,1,classification,1.6423397064208984,1.6423397064208984,0.0,0.23171181976795197,0.23163902759552002,0.011101707816123962,0.047911702679827806,0.9988518953323364,1.1910865396203008e-05,1.191087721963413e-05,0.9999990073417008,0.43327248096466064,0.11231078952550888,0.7889754176139832,1,nan
GF6_WFV_E137.2_N26.9_20200521_L1A1119999497-2_21504_6144.png,0,classification,0.013074398040771484,0.013074398040771484,0.0,0.0021322863176465034,0.002134201815351844,0.00016343138122465461,0.07664607697011389,0.9970658421516418,nan,1.6948936831795436e-07,nan,0.4465716779232025,0.09819546341896057,0.6335689425468445,0,nan
GF6_WFV_E137.2_N31.4_20200913_L1A1120035633-1_7680_1536.png,0,classification,0.014789104461669922,0.014789104461669922,0.0,0.0028423320036381483,0.0028439832385629416,0.0001721123408060521,0.06055321496072609,0.9981678128242493,nan,1.7323083056908217e-07,nan,0.473801851272583,0.10725600272417068,0.45268478989601135,0,nan
GF6_WFV_E137.2_N31.4_20200913_L1A1120035633-1_9728_4096.png,0,classification,0.08703768253326416,0.08703768253326416,0.0,0.03371156007051468,0.033721886575222015,0.0016878211172297597,0.050066538412916334,0.9987469911575317,nan,1.6609902786512976e-06,nan,0.4731959402561188,0.0952773317694664,0.47733691334724426,0,nan
GF6_WFV_E137.2_N31.4_20200913_L1A1120035633-2_18432_15360.png,0,classification,0.008210182189941406,0.008210182189941406,0.0,0.0020558740943670273,0.0020561041310429573,0.00012430596689227968,0.06046380331989719,0.9981722235679626,nan,1.3227078454747243e-07,nan,0.4408823549747467,0.12495525926351547,0.7204955220222473,0,nan
GF6_WFV_E137.2_N31.4_20200913_L1A1120035633-2_18944_15872.png,0,classification,0.012798786163330078,0.012798786163330078,0.0,0.004895541351288557,0.004896482918411493,0.0002502287970855832,0.05111361116778646,0.9986940622329712,nan,2.551823854446411e-07,nan,0.43986621499061584,0.1272331178188324,0.7355655431747437,0,nan
GF6_WFV_E137.2_N31.4_20200913_L1A1120035633-2_7680_8192.png,1,classification,1.2533624172210693,1.2533624172210693,0.0,0.06977745145559311,0.06975044310092926,0.002136972965672612,0.030625551966921544,0.9995309114456177,2.496501338100643e-06,2.4964995191112394e-06,1.000000728615964,0.465579092502594,0.08503889292478561,0.6014560461044312,0,0.5818953514099121
GF6_WFV_E137.7_N29.1_20200521_L1A1119999499-2_16384_4608.png,0,classification,0.00962376594543457,0.00962376594543457,0.0,0.0048296586610376835,0.004830160178244114,0.00020968653552699834,0.043416429657566286,0.9990576505661011,nan,2.1869325905754522e-07,nan,0.43852221965789795,0.11037495732307434,0.7557472586631775,0,nan
GF6_WFV_E137.7_N29.1_20200521_L1A1119999499-2_21904_7168.png,1,classification,4.6674418449401855,4.6674418449401855,0.0,0.5232105851173401,0.5232298374176025,0.00323526025749743,0.006183476308629842,0.9999808073043823,3.830469267995795e-06,3.830472905974602e-06,0.9999990502533509,0.4349514842033386,0.10644492506980896,0.7758700847625732,1,nan
GF6_WFV_E138.3_N31.4_20200521_L1A1119999493-1_10240_8192.png,0,classification,2.3449015617370605,2.3449015617370605,0.0,0.3415937125682831,0.34155797958374023,0.01829163357615471,0.053547922292329346,0.9985660910606384,nan,1.867847822722979e-05,nan,0.4613416790962219,0.08526389300823212,0.5275534987449646,0,nan
GF6_WFV_E138.3_N31.4_20200521_L1A1119999493-1_3584_0.png,0,classification,1.0702133178710938,1.0702133178710938,0.0,0.2570250630378723,0.2567894160747528,0.019580243155360222,0.07618028733826279,0.997096061706543,nan,2.1447986000566743e-05,nan,0.4533805251121521,0.06834845244884491,0.6080030202865601,0,nan
GF6_WFV_E138.3_N31.4_20200521_L1A1119999493-1_4096_3584.png,0,classification,0.06394529342651367,0.06394529342651367,0.0,0.021239595487713814,0.021246250718832016,0.0010742438025772572,0.05057741345397377,0.9987214803695679,nan,1.0517237569729332e-06,nan,0.46576184034347534,0.08876098692417145,0.5976445078849792,0,nan
GF6_WFV_E138.3_N31.4_20200521_L1A1119999493-1_4608_512.png,0,classification,1.1682918071746826,1.1682918071746826,0.0,0.2640523910522461,0.26385271549224854,0.018789660185575485,0.0711588337098516,0.9974665641784668,nan,2.0583178411470726e-05,nan,0.45826154947280884,0.08064321428537369,0.613835871219635,0,nan
GF6_WFV_E138.3_N31.4_20200521_L1A1119999493-1_5120_512.png,1,classification,1.8115953207015991,1.8115953207015991,0.0,0.10959065705537796,0.10958760976791382,0.0030697498004883528,0.028011053888810592,0.9996077418327332,3.0917544791009277e-06,3.0917624371795682e-06,0.9999974260381248,0.464870810508728,0.09848581999540329,0.5581961870193481,1,nan
GF6_WFV_E138.3_N31.4_20200521_L1A1119999493-1_8704_1024.png,0,classification,0.02046799659729004,0.02046799659729004,0.0,0.005576812196522951,0.005578564014285803,0.0002641667379066348,0.04736877065204712,0.998878538608551,nan,2.649846919666743e-07,nan,0.4643288552761078,0.11083818972110748,0.5186675786972046,0,nan
GF6_WFV_E138.3_N31.4_20200521_L1A1119999493-2_16384_16777.png,1,classification,1.0382171869277954,1.0382171869277954,0.0,0.03874840959906578,0.03874847665429115,0.0002891100593842566,0.007461210985836874,0.9999721646308899,3.2572160080235335e-07,3.2572037866884784e-07,1.000003752094083,0.4422245919704437,0.11318416893482208,0.767664909362793,0,0.39717936515808105
GF6_WFV_E138.3_N31.4_20200521_L1A1119999493-2_16384_16896.png,1,classification,0.8253278732299805,0.8253278732299805,0.0,0.02951444685459137,0.029519785195589066,0.0007007577805779874,0.02374287358426218,0.9997182488441467,7.223531497402291e-07,7.22352808679716e-07,1.0000004721522628,0.4434925615787506,0.10916247963905334,0.7577904462814331,0,0.4043581187725067
GF6_WFV_E138.3_N31.4_20200521_L1A1119999493-2_16384_17289.png,0,classification,0.015380620956420898,0.015380620956420898,0.0,0.00782002229243517,0.007820392958819866,0.0003388804034329951,0.04333496641829484,0.9990609884262085,nan,3.573771891751676e-07,nan,0.44324201345443726,0.11333847790956497,0.7605296969413757,0,nan
GF6_WFV_E138.3_N31.4_20200521_L1A1119999493-2_6656_14848.png,0,classification,0.004400730133056641,0.004400730133056641,0.0,0.0007363519398495555,0.0007369574741460383,3.9816593925934285e-05,0.05407277657755507,0.9985395669937134,nan,4.0788634692034975e-08,nan,0.4452509880065918,0.14254462718963623,0.6647955775260925,0,nan
GF6_WFV_E138.3_N31.4_20200521_L1A1119999493-2_7680_14848.png,0,classification,0.004112720489501953,0.004112720489501953,0.0,0.0006708854343742132,0.0006712469621561468,3.463869506958872e-05,0.05163131183776395,0.9986679553985596,nan,3.527851788476255e-08,nan,0.444186806678772,0.14080607891082764,0.6737134456634521,0,nan
GF6_WFV_E138.3_N31.4_20200521_L1A1119999493-3_4096_15872.png,1,classification,2.1751952171325684,2.1751952171325684,0.0,0.35294458270072937,0.3529795706272125,0.009735983796417713,0.02758502120054666,0.9996196031570435,9.948626939149108e-06,9.948621482180897e-06,1.0000005485150099,0.44248467683792114,0.1388799399137497,0.6592517495155334,1,nan
GF6_WFV_E138.3_N31.4_20200521_L1A1119999493-3_5120_15360.png,0,classification,0.05454742908477783,0.05454742908477783,0.0,0.030853625386953354,0.030857278034090996,0.0009990487014874816,0.03238026938351094,0.9994757771492004,nan,9.676253966972581e-07,nan,0.44166216254234314,0.12026296555995941,0.6944378614425659,0,nan
GF6_WFV_E138.4_N26.9_20200529_L1A1120002143-2_5120_2560.png,0,classification,0.11582708358764648,0.11582708358764648,0.0,0.05729655921459198,0.057299621403217316,0.0030665560625493526,0.05352077165863005,0.9985678791999817,nan,3.048071448574774e-06,nan,0.45462360978126526,0.11409013718366623,0.5579001903533936,0,nan
GF6_WFV_E139.0_N29.1_20200529_L1A1120002145-2_21504_4096.png,0,classification,0.017612218856811523,0.017612218856811523,0.0,0.00451634218916297,0.004512108862400055,0.00032841230859048665,0.07271643618557444,0.9973542094230652,nan,3.6318067486718064e-07,nan,0.4399670958518982,0.10938692837953568,0.7966574430465698,0,nan
GF6_WFV_E139.0_N29.1_20200529_L1A1120002145-2_21904_4608.png,1,classification,1.0147883892059326,1.0147883892059326,0.0,0.04205223172903061,0.04205099865794182,0.000264296104433015,0.006284948350328791,0.9999802112579346,2.98408792787086e-07,2.984088780522143e-07,0.9999997142674546,0.4391651749610901,0.10333212465047836,0.7476664781570435,0,0.520828127861023
GF6_WFV_E139.0_N29.1_20200529_L1A1120002145-3_0_5632.png,0,classification,0.012091875076293945,0.012091875076293945,0.0,0.004324805457144976,0.004325197543948889,0.00022099226771388203,0.051098776558557685,0.9986945986747742,nan,2.308522084604192e-07,nan,0.444169819355011,0.10000194609165192,0.7340168356895447,0,nan
